observation_date,DEXINUS
02/01/1973,8.0200
03/01/1973,8.0200
04/01/1973,8.0000
05/01/1973,8.0100
08/01/1973,8.0000
09/01/1973,8.0000
10/01/1973,8.0000
11/01/1973,8.0000
12/01/1973,8.0000
15/01/1973,8.0000
16/01/1973,8.0100
17/01/1973,8.0100
18/01/1973,8.0100
19/01/1973,8.0000
22/01/1973,8.0000
23/01/1973,8.0000
24/01/1973,8.0000
25/01/1973,8.0000
26/01/1973,8.0000
29/01/1973,8.0100
30/01/1973,8.0000
31/01/1973,8.0000
01/02/1973,8.0000
02/02/1973,8.0000
05/02/1973,7.9700
06/02/1973,8.0000
07/02/1973,8.0000
08/02/1973,8.0100
09/02/1973,8.0100
15/02/1973,7.5800
16/02/1973,7.5800
20/02/1973,7.5800
21/02/1973,7.5800
22/02/1973,7.5800
23/02/1973,7.5800
26/02/1973,7.5500
27/02/1973,7.5200
28/02/1973,7.5200
01/03/1973,7.5500
06/03/1973,7.3500
07/03/1973,7.1900
08/03/1973,7.2500
09/03/1973,7.5500
12/03/1973,7.5200
13/03/1973,7.5200
14/03/1973,7.9400
15/03/1973,7.5200
16/03/1973,7.8100
19/03/1973,7.6000
20/03/1973,7.5800
21/03/1973,7.5800
22/03/1973,7.5800
23/03/1973,7.5800
26/03/1973,7.5800
27/03/1973,7.5500
28/03/1973,7.5500
29/03/1973,7.5800
30/03/1973,7.5500
02/04/1973,7.5800
03/04/1973,7.5500
04/04/1973,7.5500
05/04/1973,7.5500
06/04/1973,7.5500
09/04/1973,7.5500
10/04/1973,7.5500
11/04/1973,7.5200
12/04/1973,7.5000
13/04/1973,7.5200
16/04/1973,7.5200
17/04/1973,7.5500
18/04/1973,7.5500
19/04/1973,7.5500
20/04/1973,7.5500
23/04/1973,7.5500
24/04/1973,7.5600
25/04/1973,7.5500
26/04/1973,7.5600
27/04/1973,7.5800
30/04/1973,7.5300
01/05/1973,7.5400
02/05/1973,7.5200
03/05/1973,7.5500
04/05/1973,7.5500
07/05/1973,7.5500
08/05/1973,7.5500
09/05/1973,7.5200
10/05/1973,7.5200
11/05/1973,7.5200
14/05/1973,7.4600
15/05/1973,7.4600
16/05/1973,7.4900
17/05/1973,7.5200
18/05/1973,7.5200
21/05/1973,7.5200
22/05/1973,7.5200
23/05/1973,7.5200
24/05/1973,7.4600
25/05/1973,7.4100
29/05/1973,7.4000
30/05/1973,7.3500
31/05/1973,7.3900
01/06/1973,7.2500
04/06/1973,7.2200
05/06/1973,7.2200
06/06/1973,7.2700
07/06/1973,7.2500
08/06/1973,7.3000
11/06/1973,7.3000
12/06/1973,7.3300
13/06/1973,7.3300
14/06/1973,7.2600
15/06/1973,7.3000
18/06/1973,7.2500
19/06/1973,7.2500
20/06/1973,7.2500
21/06/1973,7.2500
22/06/1973,7.3000
25/06/1973,7.2700
26/06/1973,7.2700
27/06/1973,7.2700
28/06/1973,7.2700
29/06/1973,7.3000
02/07/1973,7.3000
03/07/1973,7.2700
05/07/1973,7.2700
06/07/1973,7.3000
09/07/1973,7.3000
10/07/1973,7.3000
11/07/1973,7.3000
12/07/1973,7.2500
13/07/1973,7.3000
16/07/1973,7.3000
17/07/1973,7.2700
18/07/1973,7.2700
19/07/1973,7.2700
20/07/1973,7.4100
23/07/1973,7.4100
24/07/1973,7.4600
25/07/1973,7.4600
26/07/1973,7.4600
27/07/1973,7.4900
30/07/1973,7.4900
31/07/1973,7.4900
01/08/1973,7.4900
02/08/1973,7.4900
03/08/1973,7.4900
06/08/1973,7.5200
07/08/1973,7.5200
08/08/1973,7.4600
09/08/1973,7.4900
10/08/1973,7.4900
13/08/1973,7.6200
14/08/1973,7.5800
15/08/1973,7.6000
16/08/1973,7.5800
17/08/1973,7.6600
20/08/1973,7.6600
21/08/1973,7.6600
22/08/1973,7.6000
23/08/1973,7.6000
24/08/1973,7.6000
27/08/1973,7.5800
28/08/1973,7.5800
29/08/1973,7.5500
30/08/1973,7.5800
31/08/1973,7.5800
04/09/1973,7.5800
05/09/1973,7.5500
06/09/1973,7.5800
07/09/1973,7.5800
10/09/1973,7.6000
11/09/1973,7.6000
12/09/1973,7.7500
13/09/1973,7.7800
14/09/1973,7.7800
17/09/1973,7.7500
18/09/1973,7.7800
19/09/1973,7.7500
20/09/1973,7.7500
21/09/1973,7.7500
24/09/1973,7.7200
25/09/1973,7.7500
26/09/1973,7.7500
27/09/1973,7.7500
28/09/1973,7.7500
01/10/1973,7.7200
02/10/1973,7.7800
03/10/1973,7.7800
04/10/1973,7.7800
05/10/1973,7.7800
09/10/1973,7.7800
10/10/1973,7.7500
11/10/1973,7.7500
12/10/1973,7.7500
15/10/1973,7.7800
16/10/1973,7.7200
17/10/1973,7.6900
18/10/1973,7.6900
19/10/1973,7.6900
22/10/1973,
23/10/1973,7.6900
24/10/1973,7.6900
25/10/1973,7.6900
26/10/1973,7.6900
29/10/1973,7.6900
30/10/1973,7.6900
31/10/1973,7.6900
01/11/1973,7.6800
02/11/1973,7.6800
05/11/1973,7.7000
07/11/1973,7.7600
08/11/1973,7.7600
09/11/1973,7.7800
12/11/1973,7.6900
13/11/1973,7.6900
14/11/1973,7.6900
15/11/1973,7.6900
16/11/1973,7.8600
19/11/1973,7.8600
20/11/1973,7.8300
21/11/1973,7.8300
23/11/1973,8.0000
26/11/1973,8.0000
27/11/1973,8.0000
28/11/1973,8.0600
29/11/1973,8.0600
30/11/1973,8.0600
03/12/1973,8.0300
04/12/1973,8.0300
05/12/1973,8.0300
06/12/1973,8.0600
07/12/1973,8.0600
10/12/1973,8.0600
11/12/1973,8.0600
12/12/1973,8.1300
13/12/1973,8.1300
14/12/1973,8.1300
17/12/1973,8.2000
18/12/1973,8.2000
19/12/1973,8.1200
20/12/1973,8.1200
21/12/1973,8.1200
24/12/1973,8.1200
26/12/1973,8.1200
27/12/1973,8.1600
28/12/1973,8.1600
31/12/1973,8.1600
02/01/1974,8.1600
03/01/1974,8.2100
04/01/1974,8.2100
07/01/1974,8.2100
08/01/1974,8.4000
09/01/1974,8.4000
10/01/1974,8.4000
11/01/1974,8.4000
14/01/1974,8.3600
15/01/1974,8.3600
16/01/1974,8.3600
17/01/1974,8.3600
18/01/1974,8.5800
21/01/1974,8.5800
22/01/1974,8.5800
23/01/1974,8.6200
24/01/1974,8.6200
25/01/1974,8.6200
28/01/1974,8.5500
29/01/1974,8.5500
30/01/1974,8.5500
31/01/1974,8.5500
01/02/1974,8.2300
04/02/1974,8.2300
05/02/1974,8.2300
06/02/1974,8.2300
07/02/1974,8.2300
08/02/1974,8.3700
11/02/1974,8.3700
13/02/1974,8.3300
14/02/1974,8.3300
15/02/1974,8.2300
19/02/1974,8.2300
20/02/1974,8.2300
21/02/1974,8.2000
22/02/1974,8.2000
25/02/1974,8.2000
26/02/1974,8.2000
27/02/1974,8.2000
28/02/1974,8.1600
01/03/1974,8.2000
04/03/1974,8.2000
05/03/1974,8.2000
06/03/1974,8.2000
07/03/1974,8.0800
08/03/1974,8.1000
11/03/1974,8.1000
12/03/1974,8.1000
13/03/1974,8.1000
14/03/1974,8.1000
15/03/1974,8.0300
18/03/1974,8.0300
19/03/1974,8.0300
20/03/1974,8.0300
21/03/1974,8.0300
22/03/1974,7.9700
25/03/1974,7.9700
26/03/1974,7.9700
27/03/1974,7.9700
28/03/1974,7.9700
29/03/1974,7.8100
01/04/1974,7.8100
02/04/1974,7.8100
03/04/1974,7.8100
04/04/1974,7.8100
05/04/1974,7.8400
08/04/1974,7.8400
09/04/1974,7.8400
10/04/1974,7.8100
11/04/1974,7.8100
12/04/1974,7.9700
15/04/1974,7.9700
16/04/1974,8.0000
17/04/1974,7.9700
18/04/1974,7.9700
19/04/1974,7.8700
22/04/1974,7.8700
23/04/1974,7.8700
24/04/1974,7.8700
25/04/1974,7.8700
26/04/1974,7.8100
29/04/1974,7.8100
30/04/1974,7.8100
01/05/1974,7.8100
02/05/1974,7.8100
03/05/1974,7.7500
06/05/1974,7.7500
07/05/1974,7.8700
08/05/1974,7.7500
09/05/1974,7.7500
10/05/1974,7.7200
13/05/1974,7.7200
14/05/1974,7.7200
15/05/1974,7.7200
16/05/1974,7.7200
17/05/1974,7.8100
20/05/1974,7.8100
21/05/1974,7.8400
22/05/1974,7.8100
23/05/1974,7.8100
24/05/1974,7.8100
28/05/1974,7.8100
29/05/1974,7.8100
30/05/1974,7.8100
31/05/1974,7.8700
03/06/1974,7.8700
04/06/1974,7.8700
05/06/1974,7.8700
06/06/1974,7.8700
07/06/1974,7.8100
10/06/1974,7.8100
11/06/1974,7.8100
12/06/1974,7.8100
13/06/1974,7.8100
14/06/1974,7.8700
17/06/1974,7.8700
18/06/1974,7.8700
19/06/1974,7.8700
20/06/1974,7.8700
21/06/1974,7.8700
24/06/1974,7.8700
25/06/1974,7.8700
26/06/1974,7.8100
27/06/1974,7.8100
28/06/1974,7.8700
01/07/1974,7.8100
02/07/1974,7.8100
03/07/1974,7.8100
05/07/1974,7.8700
08/07/1974,7.8100
09/07/1974,7.8100
10/07/1974,7.8100
11/07/1974,7.8100
12/07/1974,7.8700
15/07/1974,7.8100
16/07/1974,7.8100
17/07/1974,7.8100
18/07/1974,7.8100
19/07/1974,7.8700
22/07/1974,7.8100
23/07/1974,7.8700
24/07/1974,7.8400
25/07/1974,7.8400
26/07/1974,7.8700
29/07/1974,7.8700
30/07/1974,7.8700
31/07/1974,7.8700
01/08/1974,7.8100
02/08/1974,7.8100
05/08/1974,7.8700
06/08/1974,7.8700
07/08/1974,7.8700
08/08/1974,7.8700
09/08/1974,7.9400
12/08/1974,7.9400
13/08/1974,7.9400
14/08/1974,7.9400
15/08/1974,7.9400
16/08/1974,8.0600
19/08/1974,8.0600
20/08/1974,8.0600
21/08/1974,8.0600
22/08/1974,8.0600
23/08/1974,8.0600
26/08/1974,8.0600
27/08/1974,8.1000
28/08/1974,8.1000
29/08/1974,8.1000
30/08/1974,8.1300
03/09/1974,8.1300
04/09/1974,8.1300
05/09/1974,8.1300
06/09/1974,8.1300
09/09/1974,8.1300
10/09/1974,8.1300
11/09/1974,8.1300
12/09/1974,8.1300
13/09/1974,8.1200
16/09/1974,8.1200
17/09/1974,8.1200
18/09/1974,8.1200
19/09/1974,8.1200
20/09/1974,8.1200
23/09/1974,8.1200
24/09/1974,8.1200
25/09/1974,8.1200
26/09/1974,8.1200
27/09/1974,8.1200
30/09/1974,8.0600
01/10/1974,8.0600
02/10/1974,8.0300
03/10/1974,8.0300
04/10/1974,8.0300
07/10/1974,8.0600
08/10/1974,8.0600
09/10/1974,8.0600
10/10/1974,8.0600
11/10/1974,8.0300
15/10/1974,8.0300
16/10/1974,8.0300
17/10/1974,8.0300
18/10/1974,8.0600
21/10/1974,8.0600
22/10/1974,8.0600
23/10/1974,8.0600
24/10/1974,8.0600
25/10/1974,8.0600
28/10/1974,8.0600
29/10/1974,8.0600
30/10/1974,8.0600
31/10/1974,8.0600
01/11/1974,8.0600
04/11/1974,8.0600
05/11/1974,
06/11/1974,8.0600
07/11/1974,8.0600
08/11/1974,8.0300
11/11/1974,
12/11/1974,8.0300
13/11/1974,8.0300
14/11/1974,8.0300
15/11/1974,8.1000
18/11/1974,8.1000
19/11/1974,8.1000
20/11/1974,8.1000
21/11/1974,8.1000
22/11/1974,8.0600
25/11/1974,8.0600
26/11/1974,8.0600
27/11/1974,8.0600
28/11/1974,
29/11/1974,8.0600
02/12/1974,8.0600
03/12/1974,8.0600
04/12/1974,8.0600
05/12/1974,8.0600
06/12/1974,8.1000
09/12/1974,8.1000
10/12/1974,8.0000
11/12/1974,8.0000
12/12/1974,8.0000
13/12/1974,8.1300
16/12/1974,8.1300
17/12/1974,8.1300
18/12/1974,8.1300
19/12/1974,8.1300
20/12/1974,8.1300
23/12/1974,8.1300
24/12/1974,8.1300
25/12/1974,
26/12/1974,8.1300
27/12/1974,8.1300
30/12/1974,8.1300
31/12/1974,8.1300
01/01/1975,
02/01/1975,8.1300
03/01/1975,8.1300
06/01/1975,8.1300
07/01/1975,8.1300
08/01/1975,8.1300
09/01/1975,8.1300
10/01/1975,8.1300
13/01/1975,8.1300
14/01/1975,8.1300
15/01/1975,8.1300
16/01/1975,8.1300
17/01/1975,8.1300
20/01/1975,8.1300
21/01/1975,8.1300
22/01/1975,8.1300
23/01/1975,8.1300
24/01/1975,8.1300
27/01/1975,8.1300
28/01/1975,8.1300
29/01/1975,8.1300
30/01/1975,8.1300
31/01/1975,8.1300
03/02/1975,8.1300
04/02/1975,8.1300
05/02/1975,8.1300
06/02/1975,8.1300
07/02/1975,7.9400
10/02/1975,7.9400
11/02/1975,7.9400
12/02/1975,
13/02/1975,7.9400
14/02/1975,7.9400
17/02/1975,
18/02/1975,7.9400
19/02/1975,7.9400
20/02/1975,7.9400
21/02/1975,7.9400
24/02/1975,7.9400
25/02/1975,7.9400
26/02/1975,7.9400
27/02/1975,7.9400
28/02/1975,7.7500
03/03/1975,7.7500
04/03/1975,7.7500
05/03/1975,7.7500
06/03/1975,7.7500
07/03/1975,7.7500
10/03/1975,7.7500
11/03/1975,7.7500
12/03/1975,7.7500
13/03/1975,7.7500
14/03/1975,7.7500
17/03/1975,7.7500
18/03/1975,7.7500
19/03/1975,7.7500
20/03/1975,7.7500
21/03/1975,7.7500
24/03/1975,7.7500
25/03/1975,7.7500
26/03/1975,7.7500
27/03/1975,7.7500
28/03/1975,7.7500
31/03/1975,7.7500
01/04/1975,7.7500
02/04/1975,7.7500
03/04/1975,7.7500
04/04/1975,7.7500
07/04/1975,7.8400
08/04/1975,7.8400
09/04/1975,7.8400
10/04/1975,7.8400
11/04/1975,7.8400
14/04/1975,7.9400
15/04/1975,7.9400
16/04/1975,7.9400
17/04/1975,7.9400
18/04/1975,7.9400
21/04/1975,7.9100
22/04/1975,7.9100
23/04/1975,7.9100
24/04/1975,7.9100
25/04/1975,7.9100
28/04/1975,8.0000
29/04/1975,8.0000
30/04/1975,8.0000
01/05/1975,8.0000
02/05/1975,8.0000
05/05/1975,8.0000
06/05/1975,8.0300
07/05/1975,8.0300
08/05/1975,8.0300
09/05/1975,8.0300
12/05/1975,8.0300
13/05/1975,8.0300
14/05/1975,8.0300
15/05/1975,8.0300
16/05/1975,8.0300
19/05/1975,8.1600
20/05/1975,8.1600
21/05/1975,8.1600
22/05/1975,8.1600
23/05/1975,8.1600
26/05/1975,
27/05/1975,8.1000
28/05/1975,8.1000
29/05/1975,8.1000
30/05/1975,8.1000
02/06/1975,8.1000
03/06/1975,8.1000
04/06/1975,8.1000
05/06/1975,8.1000
06/06/1975,8.1000
09/06/1975,8.1000
10/06/1975,8.1000
11/06/1975,8.1000
12/06/1975,8.1000
13/06/1975,8.1000
16/06/1975,8.2300
17/06/1975,8.2300
18/06/1975,8.2300
19/06/1975,8.2300
20/06/1975,8.2600
23/06/1975,8.2600
24/06/1975,8.2600
25/06/1975,8.2600
26/06/1975,8.2600
27/06/1975,8.4000
30/06/1975,8.4000
01/07/1975,8.4000
02/07/1975,8.5100
03/07/1975,8.4700
04/07/1975,
07/07/1975,8.4700
08/07/1975,8.4700
09/07/1975,8.4000
10/07/1975,8.4000
11/07/1975,8.4700
14/07/1975,8.4700
15/07/1975,8.4700
16/07/1975,8.4700
17/07/1975,8.4700
18/07/1975,8.5500
21/07/1975,8.5500
22/07/1975,8.5500
23/07/1975,8.5500
24/07/1975,8.5500
25/07/1975,8.5100
28/07/1975,8.5100
29/07/1975,8.5100
30/07/1975,8.5100
31/07/1975,8.5100
01/08/1975,8.6200
04/08/1975,8.6200
05/08/1975,8.6200
06/08/1975,8.6200
07/08/1975,8.6200
08/08/1975,8.8500
11/08/1975,8.8500
12/08/1975,8.8500
13/08/1975,8.8500
14/08/1975,8.8500
15/08/1975,8.8100
18/08/1975,8.8100
19/08/1975,8.8100
20/08/1975,8.8100
21/08/1975,8.8100
22/08/1975,8.8500
25/08/1975,8.8500
26/08/1975,8.8500
27/08/1975,8.8500
28/08/1975,8.8500
29/08/1975,8.9300
01/09/1975,
02/09/1975,8.9300
03/09/1975,8.9300
04/09/1975,8.9300
05/09/1975,8.7700
08/09/1975,8.7700
09/09/1975,8.7700
10/09/1975,8.7700
11/09/1975,8.7700
12/09/1975,8.8100
15/09/1975,8.8100
16/09/1975,8.8100
17/09/1975,8.8100
18/09/1975,8.8100
19/09/1975,8.9300
22/09/1975,8.9300
23/09/1975,8.9300
24/09/1975,8.9300
25/09/1975,8.9300
26/09/1975,8.9400
29/09/1975,8.9400
30/09/1975,8.9400
01/10/1975,8.9400
02/10/1975,8.9400
03/10/1975,8.9700
06/10/1975,8.9700
07/10/1975,8.9700
08/10/1975,8.9700
09/10/1975,8.9700
10/10/1975,8.8900
13/10/1975,
14/10/1975,8.8900
15/10/1975,8.8900
16/10/1975,8.8900
17/10/1975,8.8900
20/10/1975,8.8900
21/10/1975,8.8900
22/10/1975,8.8900
23/10/1975,8.8900
24/10/1975,8.8500
27/10/1975,8.8500
28/10/1975,8.8500
29/10/1975,8.8500
30/10/1975,8.7300
31/10/1975,8.8100
03/11/1975,8.8100
04/11/1975,
05/11/1975,8.8100
06/11/1975,8.8100
07/11/1975,8.8100
10/11/1975,8.8100
11/11/1975,
12/11/1975,8.8100
13/11/1975,8.8100
14/11/1975,8.9300
17/11/1975,8.9300
18/11/1975,8.9300
19/11/1975,8.9300
20/11/1975,8.9300
21/11/1975,8.9700
24/11/1975,8.9700
25/11/1975,8.9700
26/11/1975,8.9700
27/11/1975,
28/11/1975,9.0900
01/12/1975,9.0900
02/12/1975,9.0900
03/12/1975,9.0900
04/12/1975,9.0900
05/12/1975,8.9300
08/12/1975,8.9300
09/12/1975,8.9300
10/12/1975,8.9300
11/12/1975,8.9300
12/12/1975,8.9700
15/12/1975,8.9700
16/12/1975,8.9700
17/12/1975,8.9700
18/12/1975,8.9700
19/12/1975,8.9700
22/12/1975,8.9700
23/12/1975,8.9700
24/12/1975,8.9700
25/12/1975,
26/12/1975,8.9700
29/12/1975,8.9700
30/12/1975,8.9700
31/12/1975,8.9700
01/01/1976,
02/01/1976,8.9700
05/01/1976,8.9700
06/01/1976,8.9700
07/01/1976,8.9700
08/01/1976,8.9700
09/01/1976,8.9300
12/01/1976,8.9300
13/01/1976,8.9300
14/01/1976,8.9300
15/01/1976,8.9100
16/01/1976,8.9300
19/01/1976,8.9300
20/01/1976,8.9300
21/01/1976,8.9300
22/01/1976,8.9300
23/01/1976,8.9700
26/01/1976,8.9700
27/01/1976,8.9700
28/01/1976,8.9700
29/01/1976,8.9700
30/01/1976,8.9100
02/02/1976,8.9100
03/02/1976,8.9100
04/02/1976,8.9100
05/02/1976,8.9100
06/02/1976,8.9300
09/02/1976,8.9300
10/02/1976,8.9300
11/02/1976,8.9300
12/02/1976,
13/02/1976,8.9400
16/02/1976,
17/02/1976,8.9400
18/02/1976,8.9400
19/02/1976,8.9400
20/02/1976,8.9700
23/02/1976,8.9700
24/02/1976,8.9700
25/02/1976,8.9700
26/02/1976,8.9700
27/02/1976,8.9300
01/03/1976,8.9300
02/03/1976,8.9300
03/03/1976,8.9300
04/03/1976,8.9300
05/03/1976,8.9300
08/03/1976,9.0900
09/03/1976,9.0900
10/03/1976,9.0900
11/03/1976,9.0900
12/03/1976,8.9300
15/03/1976,8.9300
16/03/1976,8.9300
17/03/1976,8.9300
18/03/1976,8.9300
19/03/1976,8.9300
22/03/1976,8.9300
23/03/1976,8.9300
24/03/1976,8.9300
25/03/1976,8.9300
26/03/1976,8.9700
29/03/1976,8.9700
30/03/1976,8.9700
31/03/1976,8.9700
01/04/1976,8.9700
02/04/1976,9.0100
05/04/1976,9.0100
06/04/1976,9.0100
07/04/1976,9.0100
08/04/1976,9.0100
09/04/1976,9.0100
12/04/1976,9.0100
13/04/1976,9.0100
14/04/1976,9.0100
15/04/1976,9.0100
16/04/1976,9.0100
19/04/1976,9.0100
20/04/1976,9.0100
21/04/1976,9.0100
22/04/1976,9.0900
23/04/1976,8.9300
26/04/1976,8.9300
27/04/1976,8.9300
28/04/1976,8.9300
29/04/1976,8.9300
30/04/1976,8.9700
03/05/1976,8.9700
04/05/1976,8.9700
05/05/1976,8.9700
06/05/1976,8.9700
07/05/1976,9.0100
10/05/1976,9.0100
11/05/1976,9.0100
12/05/1976,9.0100
13/05/1976,9.0100
14/05/1976,9.0100
17/05/1976,9.0100
18/05/1976,9.0100
19/05/1976,9.0100
20/05/1976,9.0100
21/05/1976,9.0500
24/05/1976,9.0500
25/05/1976,9.0500
26/05/1976,9.0500
27/05/1976,9.0500
28/05/1976,9.3000
31/05/1976,
01/06/1976,9.3000
02/06/1976,9.3500
03/06/1976,9.3500
04/06/1976,9.3000
07/06/1976,9.3000
08/06/1976,9.3000
09/06/1976,9.3000
10/06/1976,9.3000
11/06/1976,9.0100
14/06/1976,9.0100
15/06/1976,9.0100
16/06/1976,9.0100
17/06/1976,9.0100
18/06/1976,8.9700
21/06/1976,8.9700
22/06/1976,8.9700
23/06/1976,8.9700
24/06/1976,8.9700
25/06/1976,9.0100
28/06/1976,9.0100
29/06/1976,9.0100
30/06/1976,9.0100
01/07/1976,9.0100
02/07/1976,8.8900
05/07/1976,
06/07/1976,8.8900
07/07/1976,8.8900
08/07/1976,8.8900
09/07/1976,8.9700
12/07/1976,8.9700
13/07/1976,8.9700
14/07/1976,8.9700
15/07/1976,8.9700
16/07/1976,8.9000
19/07/1976,8.9000
20/07/1976,8.9000
21/07/1976,8.9000
22/07/1976,8.9000
23/07/1976,8.9000
26/07/1976,8.9000
27/07/1976,8.9000
28/07/1976,8.9000
29/07/1976,8.9000
30/07/1976,8.9700
02/08/1976,8.9700
03/08/1976,8.9700
04/08/1976,8.9700
05/08/1976,8.9700
06/08/1976,8.9700
09/08/1976,8.9700
10/08/1976,8.9700
11/08/1976,8.9700
12/08/1976,8.9700
13/08/1976,8.9700
16/08/1976,8.9700
17/08/1976,8.9700
18/08/1976,8.9700
19/08/1976,8.9700
20/08/1976,8.9700
23/08/1976,8.9700
24/08/1976,8.9700
25/08/1976,8.9700
26/08/1976,8.9700
27/08/1976,9.0100
30/08/1976,9.0100
31/08/1976,9.0100
01/09/1976,9.0100
02/09/1976,9.0100
03/09/1976,9.0100
06/09/1976,
07/09/1976,9.0100
08/09/1976,9.0100
09/09/1976,9.0100
10/09/1976,9.1300
13/09/1976,9.1300
14/09/1976,9.1300
15/09/1976,9.1300
16/09/1976,9.1300
17/09/1976,9.1300
20/09/1976,9.1300
21/09/1976,9.1300
22/09/1976,9.1300
23/09/1976,9.1300
24/09/1976,9.0300
27/09/1976,9.0300
28/09/1976,9.1700
29/09/1976,8.8500
30/09/1976,8.8500
01/10/1976,8.8500
04/10/1976,8.8500
05/10/1976,8.8500
06/10/1976,8.8500
07/10/1976,8.8500
08/10/1976,8.8500
11/10/1976,
12/10/1976,8.8500
13/10/1976,8.8500
14/10/1976,8.8500
15/10/1976,8.9300
18/10/1976,8.9300
19/10/1976,8.9300
20/10/1976,8.9300
21/10/1976,8.9300
22/10/1976,8.9300
25/10/1976,8.9300
26/10/1976,8.9300
27/10/1976,8.9300
28/10/1976,8.9300
29/10/1976,8.9700
01/11/1976,8.9700
02/11/1976,
03/11/1976,8.9700
04/11/1976,8.9700
05/11/1976,9.0500
08/11/1976,9.0500
09/11/1976,9.0500
10/11/1976,9.0500
11/11/1976,
12/11/1976,9.0100
15/11/1976,9.0100
16/11/1976,9.0100
17/11/1976,9.0100
18/11/1976,9.0100
19/11/1976,9.0100
22/11/1976,8.7300
23/11/1976,8.7300
24/11/1976,8.9300
25/11/1976,
26/11/1976,8.9300
29/11/1976,8.9300
30/11/1976,8.9300
01/12/1976,8.9300
02/12/1976,8.9300
03/12/1976,8.8100
06/12/1976,8.8100
07/12/1976,8.8100
08/12/1976,8.8100
09/12/1976,8.8100
10/12/1976,8.7700
13/12/1976,8.7700
14/12/1976,8.7700
15/12/1976,8.7700
16/12/1976,8.7700
17/12/1976,8.8100
20/12/1976,8.8100
21/12/1976,8.8100
22/12/1976,8.8100
23/12/1976,8.8100
24/12/1976,9.0100
27/12/1976,8.9700
28/12/1976,8.9700
29/12/1976,8.9700
30/12/1976,8.9700
31/12/1976,8.9300
03/01/1977,8.9300
04/01/1977,8.9300
05/01/1977,8.9300
06/01/1977,8.9300
07/01/1977,8.9300
10/01/1977,9.0100
11/01/1977,9.0100
12/01/1977,9.0100
13/01/1977,9.0100
14/01/1977,8.8900
17/01/1977,8.8900
18/01/1977,8.8900
19/01/1977,8.8900
20/01/1977,8.8900
21/01/1977,8.8500
24/01/1977,8.8500
25/01/1977,8.8500
26/01/1977,8.8500
27/01/1977,8.8500
28/01/1977,8.8100
31/01/1977,8.8100
01/02/1977,8.8100
02/02/1977,8.8100
03/02/1977,8.8100
04/02/1977,8.8900
07/02/1977,8.8900
08/02/1977,8.8900
09/02/1977,8.8900
10/02/1977,8.8900
11/02/1977,8.8500
14/02/1977,8.8500
15/02/1977,8.8500
16/02/1977,8.8500
17/02/1977,8.8500
18/02/1977,8.8500
21/02/1977,
22/02/1977,8.8900
23/02/1977,8.8900
24/02/1977,8.8900
25/02/1977,8.8700
28/02/1977,8.8700
01/03/1977,8.8700
02/03/1977,8.8700
03/03/1977,8.8700
04/03/1977,8.8500
07/03/1977,8.8500
08/03/1977,8.8500
09/03/1977,8.8500
10/03/1977,8.8500
11/03/1977,8.8500
14/03/1977,8.8500
15/03/1977,8.8500
16/03/1977,8.8500
17/03/1977,8.8500
18/03/1977,8.8300
21/03/1977,8.8300
22/03/1977,8.8300
23/03/1977,8.8300
24/03/1977,8.8300
25/03/1977,8.8200
28/03/1977,8.8200
29/03/1977,8.8200
30/03/1977,8.8200
31/03/1977,8.8200
01/04/1977,8.8200
04/04/1977,8.8200
05/04/1977,8.8200
06/04/1977,8.8200
07/04/1977,8.8200
08/04/1977,8.8500
11/04/1977,8.8500
12/04/1977,8.8500
13/04/1977,8.8500
14/04/1977,8.8500
15/04/1977,8.8500
18/04/1977,8.8500
19/04/1977,8.8500
20/04/1977,8.8500
21/04/1977,8.8500
22/04/1977,8.8500
25/04/1977,8.8500
26/04/1977,8.8500
27/04/1977,8.8500
28/04/1977,8.8500
29/04/1977,8.8500
02/05/1977,8.8500
03/05/1977,8.8500
04/05/1977,8.8500
05/05/1977,8.8500
06/05/1977,8.8500
09/05/1977,8.8500
10/05/1977,8.8500
11/05/1977,8.8500
12/05/1977,8.8500
13/05/1977,8.8100
16/05/1977,8.8100
17/05/1977,8.8100
18/05/1977,8.8100
19/05/1977,8.8100
20/05/1977,8.8300
23/05/1977,8.8300
24/05/1977,8.8300
25/05/1977,8.8300
26/05/1977,8.8300
27/05/1977,8.8300
30/05/1977,
31/05/1977,8.8300
01/06/1977,8.8300
02/06/1977,8.8300
03/06/1977,8.8500
06/06/1977,8.8500
07/06/1977,8.8500
08/06/1977,8.8500
09/06/1977,8.8500
10/06/1977,8.8500
13/06/1977,8.8500
14/06/1977,8.8500
15/06/1977,8.8500
16/06/1977,8.8500
17/06/1977,8.8500
20/06/1977,8.8800
21/06/1977,8.8800
22/06/1977,8.8800
23/06/1977,8.8800
24/06/1977,8.8800
27/06/1977,8.8800
28/06/1977,8.8800
29/06/1977,8.8800
30/06/1977,8.8800
01/07/1977,8.8100
04/07/1977,
05/07/1977,8.8100
06/07/1977,8.8100
07/07/1977,8.8100
08/07/1977,8.8100
11/07/1977,8.8100
12/07/1977,8.8100
13/07/1977,8.8100
14/07/1977,
15/07/1977,8.8500
18/07/1977,8.8500
19/07/1977,8.8500
20/07/1977,8.8500
21/07/1977,8.8500
22/07/1977,8.8100
25/07/1977,8.8100
26/07/1977,8.8100
27/07/1977,8.8100
28/07/1977,8.8100
29/07/1977,8.7300
01/08/1977,8.7300
02/08/1977,8.7300
03/08/1977,8.7300
04/08/1977,8.7300
05/08/1977,8.7200
08/08/1977,8.7200
09/08/1977,8.7200
10/08/1977,8.7200
11/08/1977,8.7200
12/08/1977,8.7200
15/08/1977,8.7200
16/08/1977,8.7200
17/08/1977,8.7200
18/08/1977,8.7200
19/08/1977,8.7100
22/08/1977,8.7100
23/08/1977,8.7100
24/08/1977,8.7100
25/08/1977,8.7100
26/08/1977,8.7300
29/08/1977,8.7300
30/08/1977,8.7300
31/08/1977,8.7300
01/09/1977,8.7300
02/09/1977,8.7300
05/09/1977,
06/09/1977,8.7300
07/09/1977,8.7300
08/09/1977,8.7300
09/09/1977,8.7300
12/09/1977,8.7300
13/09/1977,8.7300
14/09/1977,8.7300
15/09/1977,8.7300
16/09/1977,8.7300
19/09/1977,8.7300
20/09/1977,8.7300
21/09/1977,8.7300
22/09/1977,8.7300
23/09/1977,8.7300
26/09/1977,8.7300
27/09/1977,8.7300
28/09/1977,8.7300
29/09/1977,8.7300
30/09/1977,8.7300
03/10/1977,8.7300
04/10/1977,8.7300
05/10/1977,8.7300
06/10/1977,8.7300
07/10/1977,8.6200
10/10/1977,
11/10/1977,8.6200
12/10/1977,8.6200
13/10/1977,8.6200
14/10/1977,8.5800
17/10/1977,8.5800
18/10/1977,8.5800
19/10/1977,8.5800
20/10/1977,8.5800
21/10/1977,8.5800
24/10/1977,8.5800
25/10/1977,8.5800
26/10/1977,8.5800
27/10/1977,8.5800
28/10/1977,8.5500
31/10/1977,8.5500
01/11/1977,8.5500
02/11/1977,8.5500
03/11/1977,8.5500
04/11/1977,8.7000
07/11/1977,8.7000
08/11/1977,
09/11/1977,8.7000
10/11/1977,8.7000
11/11/1977,
14/11/1977,8.7000
15/11/1977,8.7000
16/11/1977,8.7000
17/11/1977,8.7000
18/11/1977,8.6100
21/11/1977,8.6100
22/11/1977,8.6100
23/11/1977,8.6100
24/11/1977,
25/11/1977,8.6200
28/11/1977,8.6200
29/11/1977,8.6200
30/11/1977,8.6200
01/12/1977,8.6200
02/12/1977,8.6200
05/12/1977,8.6200
06/12/1977,8.6200
07/12/1977,8.6200
08/12/1977,8.6200
09/12/1977,8.6200
12/12/1977,8.6200
13/12/1977,8.6200
14/12/1977,8.6200
15/12/1977,8.6200
16/12/1977,8.4700
19/12/1977,8.4700
20/12/1977,8.4700
21/12/1977,8.4700
22/12/1977,8.4700
23/12/1977,8.4700
26/12/1977,
27/12/1977,8.4700
28/12/1977,8.4700
29/12/1977,8.4700
30/12/1977,8.2300
02/01/1978,
03/01/1978,8.4700
04/01/1978,8.4700
05/01/1978,8.4700
06/01/1978,8.2300
09/01/1978,8.2300
10/01/1978,8.2300
11/01/1978,8.2300
12/01/1978,8.2300
13/01/1978,8.1600
16/01/1978,8.1600
17/01/1978,8.1600
18/01/1978,8.1600
19/01/1978,8.1600
20/01/1978,8.1600
23/01/1978,8.1000
24/01/1978,8.1000
25/01/1978,8.1000
26/01/1978,8.1000
27/01/1978,8.1000
30/01/1978,8.1000
31/01/1978,8.1000
01/02/1978,8.0600
02/02/1978,8.0600
03/02/1978,8.0600
06/02/1978,8.0600
07/02/1978,8.1000
08/02/1978,8.1000
09/02/1978,8.1000
10/02/1978,8.1300
13/02/1978,
14/02/1978,8.1300
15/02/1978,8.1300
16/02/1978,8.1300
17/02/1978,8.1300
20/02/1978,
21/02/1978,8.1300
22/02/1978,8.1300
23/02/1978,8.1300
24/02/1978,8.1300
27/02/1978,8.1300
28/02/1978,8.1300
01/03/1978,8.1300
02/03/1978,8.1300
03/03/1978,8.1300
06/03/1978,8.1000
07/03/1978,8.1000
08/03/1978,8.1000
09/03/1978,8.1000
10/03/1978,8.1000
13/03/1978,8.2300
14/03/1978,8.2300
15/03/1978,8.2300
16/03/1978,8.2300
17/03/1978,8.2300
20/03/1978,8.1000
21/03/1978,8.1000
22/03/1978,8.2300
23/03/1978,8.3300
24/03/1978,8.3300
27/03/1978,8.3300
28/03/1978,8.3300
29/03/1978,8.3300
30/03/1978,8.3300
31/03/1978,8.3300
03/04/1978,8.3300
04/04/1978,8.3300
05/04/1978,8.3300
06/04/1978,8.3300
07/04/1978,8.3800
10/04/1978,8.3800
11/04/1978,8.3800
12/04/1978,8.3800
13/04/1978,8.3800
14/04/1978,8.4000
17/04/1978,8.4000
18/04/1978,8.4000
19/04/1978,8.4000
20/04/1978,8.4000
21/04/1978,8.7000
24/04/1978,8.7000
25/04/1978,8.7000
26/04/1978,8.7000
27/04/1978,8.7000
28/04/1978,8.5800
01/05/1978,8.5800
02/05/1978,8.5800
03/05/1978,8.5800
04/05/1978,8.5800
05/05/1978,8.5500
08/05/1978,8.5500
09/05/1978,8.5500
10/05/1978,8.5500
11/05/1978,8.5500
12/05/1978,8.5500
15/05/1978,8.6400
16/05/1978,8.6400
17/05/1978,8.6400
18/05/1978,8.6400
19/05/1978,8.6400
22/05/1978,8.6700
23/05/1978,8.6700
24/05/1978,8.6700
25/05/1978,8.6700
26/05/1978,8.4400
29/05/1978,8.4400
30/05/1978,
31/05/1978,8.4400
01/06/1978,8.4400
02/06/1978,8.4000
05/06/1978,8.4000
06/06/1978,8.4000
07/06/1978,8.4000
08/06/1978,8.4000
09/06/1978,8.4000
12/06/1978,8.4400
13/06/1978,8.4400
14/06/1978,8.4400
15/06/1978,8.4400
16/06/1978,8.4400
19/06/1978,8.4400
20/06/1978,8.4400
21/06/1978,8.4400
22/06/1978,8.4400
23/06/1978,8.4400
26/06/1978,8.3300
27/06/1978,8.3300
28/06/1978,8.3300
29/06/1978,8.3300
30/06/1978,8.3300
03/07/1978,8.2600
04/07/1978,
05/07/1978,8.2600
06/07/1978,8.2600
07/07/1978,8.2300
10/07/1978,8.2300
11/07/1978,8.2300
12/07/1978,8.2300
13/07/1978,8.2300
14/07/1978,8.1300
17/07/1978,8.1300
18/07/1978,8.1300
19/07/1978,8.1300
20/07/1978,8.1300
21/07/1978,8.1300
24/07/1978,8.1300
25/07/1978,8.1300
26/07/1978,8.1300
27/07/1978,8.1300
28/07/1978,8.1300
31/07/1978,7.9700
01/08/1978,7.9700
02/08/1978,7.9700
03/08/1978,7.9700
04/08/1978,7.9700
07/08/1978,8.0300
08/08/1978,8.0300
09/08/1978,8.0300
10/08/1978,8.0300
11/08/1978,8.0300
14/08/1978,7.9000
15/08/1978,7.9000
16/08/1978,7.9000
17/08/1978,7.9000
18/08/1978,7.9000
21/08/1978,8.0300
22/08/1978,8.0300
23/08/1978,8.0300
24/08/1978,8.0300
25/08/1978,8.0300
28/08/1978,8.1600
29/08/1978,8.1600
30/08/1978,8.1600
31/08/1978,8.1600
01/09/1978,8.1600
04/09/1978,
05/09/1978,8.0300
06/09/1978,8.0300
07/09/1978,8.0300
08/09/1978,8.0300
11/09/1978,8.1100
12/09/1978,8.1100
13/09/1978,8.1100
14/09/1978,8.1100
15/09/1978,8.1100
18/09/1978,8.0100
19/09/1978,8.0100
20/09/1978,8.0100
21/09/1978,8.0100
22/09/1978,8.0100
25/09/1978,7.9700
26/09/1978,7.9700
27/09/1978,7.9700
28/09/1978,7.9700
29/09/1978,7.9700
02/10/1978,7.9700
03/10/1978,7.9700
04/10/1978,7.9700
05/10/1978,7.9700
06/10/1978,7.9700
09/10/1978,
10/10/1978,7.9200
11/10/1978,7.9200
12/10/1978,7.9100
13/10/1978,7.9100
16/10/1978,7.8700
17/10/1978,7.8700
18/10/1978,7.8700
19/10/1978,7.8700
20/10/1978,7.9700
23/10/1978,7.9700
24/10/1978,7.9700
25/10/1978,7.9700
26/10/1978,7.9700
27/10/1978,7.9700
30/10/1978,7.6600
31/10/1978,7.6600
01/11/1978,7.6600
02/11/1978,7.6600
03/11/1978,7.6600
06/11/1978,7.8100
07/11/1978,
08/11/1978,7.8100
09/11/1978,7.8100
10/11/1978,7.8100
13/11/1978,8.0000
14/11/1978,8.0000
15/11/1978,8.0000
16/11/1978,8.0000
17/11/1978,8.2000
20/11/1978,8.2000
21/11/1978,8.2000
22/11/1978,8.2000
23/11/1978,
24/11/1978,8.3300
27/11/1978,8.3300
28/11/1978,8.3300
29/11/1978,8.3300
30/11/1978,8.3300
01/12/1978,8.1800
04/12/1978,8.1800
05/12/1978,8.1800
06/12/1978,8.1800
07/12/1978,8.1800
08/12/1978,8.1800
11/12/1978,8.2900
12/12/1978,8.2900
13/12/1978,8.2900
14/12/1978,8.2900
15/12/1978,8.2900
18/12/1978,8.1600
19/12/1978,8.1600
20/12/1978,8.1600
21/12/1978,8.1600
22/12/1978,8.2300
25/12/1978,
26/12/1978,8.2300
27/12/1978,8.2300
28/12/1978,8.2300
29/12/1978,8.2300
01/01/1979,
02/01/1979,8.0800
03/01/1979,8.0800
04/01/1979,8.0800
05/01/1979,8.0800
08/01/1979,8.0800
09/01/1979,8.0800
10/01/1979,8.0800
11/01/1979,8.0800
12/01/1979,8.3300
15/01/1979,8.3300
16/01/1979,8.3300
17/01/1979,8.3300
18/01/1979,8.3300
19/01/1979,8.2300
22/01/1979,8.2300
23/01/1979,8.2300
24/01/1979,8.2300
25/01/1979,8.2300
26/01/1979,8.2900
29/01/1979,8.2900
30/01/1979,8.2900
31/01/1979,8.2900
01/02/1979,8.2900
02/02/1979,8.2900
05/02/1979,8.3000
06/02/1979,8.3000
07/02/1979,8.3000
08/02/1979,8.3000
09/02/1979,8.3000
12/02/1979,
13/02/1979,8.2200
14/02/1979,8.2200
15/02/1979,8.2200
16/02/1979,8.2200
19/02/1979,
20/02/1979,8.2200
21/02/1979,8.2200
22/02/1979,8.2200
23/02/1979,8.2200
26/02/1979,8.2200
27/02/1979,8.2200
28/02/1979,8.2200
01/03/1979,8.2200
02/03/1979,8.1700
05/03/1979,8.2200
06/03/1979,8.2200
07/03/1979,8.2200
08/03/1979,8.2200
09/03/1979,8.2200
12/03/1979,8.1800
13/03/1979,8.1800
14/03/1979,8.1800
15/03/1979,8.1800
16/03/1979,8.2900
19/03/1979,8.2900
20/03/1979,8.2900
21/03/1979,8.2900
22/03/1979,8.2900
23/03/1979,8.3000
26/03/1979,8.3000
27/03/1979,8.3000
28/03/1979,8.3000
29/03/1979,8.3000
30/03/1979,8.1600
02/04/1979,8.1400
03/04/1979,8.1400
04/04/1979,8.1400
05/04/1979,8.0800
06/04/1979,8.1000
09/04/1979,8.2000
10/04/1979,8.2000
11/04/1979,8.2000
12/04/1979,8.2000
13/04/1979,8.1300
16/04/1979,8.1000
17/04/1979,8.1000
18/04/1979,8.1000
19/04/1979,8.2000
20/04/1979,8.3000
23/04/1979,8.3000
24/04/1979,8.3000
25/04/1979,8.3300
26/04/1979,8.3300
27/04/1979,8.3700
30/04/1979,8.3700
01/05/1979,8.3700
02/05/1979,8.3700
03/05/1979,8.3700
04/05/1979,8.2600
07/05/1979,8.2600
08/05/1979,8.2600
09/05/1979,8.2600
10/05/1979,8.3000
11/05/1979,8.3900
14/05/1979,8.3900
15/05/1979,8.3900
16/05/1979,8.3900
17/05/1979,8.3900
18/05/1979,8.2200
21/05/1979,8.2200
22/05/1979,8.2200
23/05/1979,8.2200
24/05/1979,8.2200
25/05/1979,8.2600
28/05/1979,8.2200
29/05/1979,8.2200
30/05/1979,
31/05/1979,8.1600
01/06/1979,8.1600
04/06/1979,8.1600
05/06/1979,8.1600
06/06/1979,8.1600
07/06/1979,8.1600
08/06/1979,8.1700
11/06/1979,8.1700
12/06/1979,8.1000
13/06/1979,8.0600
14/06/1979,8.0000
15/06/1979,8.1500
18/06/1979,8.1600
19/06/1979,8.1600
20/06/1979,8.0600
21/06/1979,8.0600
22/06/1979,8.1300
25/06/1979,8.1300
26/06/1979,8.1000
27/06/1979,8.1100
28/06/1979,8.0800
29/06/1979,8.0600
02/07/1979,8.0100
03/07/1979,7.8700
04/07/1979,
05/07/1979,7.9700
06/07/1979,7.9600
09/07/1979,7.9600
10/07/1979,7.9600
11/07/1979,7.9600
12/07/1979,7.9600
13/07/1979,8.0000
16/07/1979,8.0000
17/07/1979,7.9100
18/07/1979,7.9100
19/07/1979,7.8400
20/07/1979,7.8400
23/07/1979,7.8000
24/07/1979,7.7500
25/07/1979,7.7500
26/07/1979,7.7500
27/07/1979,7.9400
30/07/1979,7.9400
31/07/1979,7.9600
01/08/1979,8.0000
02/08/1979,8.0000
03/08/1979,7.8700
06/08/1979,7.9900
07/08/1979,7.9900
08/08/1979,7.9900
09/08/1979,8.0300
10/08/1979,8.0000
13/08/1979,7.9900
14/08/1979,7.9900
15/08/1979,7.9900
16/08/1979,7.9900
17/08/1979,8.0000
20/08/1979,8.0000
21/08/1979,8.0000
22/08/1979,8.0000
23/08/1979,8.0000
24/08/1979,8.0800
27/08/1979,8.0800
28/08/1979,8.0800
29/08/1979,8.0800
30/08/1979,8.0800
31/08/1979,8.0300
03/09/1979,
04/09/1979,8.0800
05/09/1979,8.0300
06/09/1979,8.0300
07/09/1979,8.0300
10/09/1979,8.0300
11/09/1979,8.0300
12/09/1979,8.0300
13/09/1979,8.1400
14/09/1979,8.2400
17/09/1979,8.2400
18/09/1979,8.2400
19/09/1979,8.2400
20/09/1979,8.2400
21/09/1979,8.1300
24/09/1979,8.2400
25/09/1979,8.2400
26/09/1979,8.2400
27/09/1979,8.0600
28/09/1979,8.0700
01/10/1979,8.0900
02/10/1979,8.0900
03/10/1979,8.0800
04/10/1979,8.0800
05/10/1979,8.1200
08/10/1979,
09/10/1979,8.2500
10/10/1979,8.2500
11/10/1979,8.1800
12/10/1979,8.1800
15/10/1979,8.1800
16/10/1979,8.1800
17/10/1979,8.1800
18/10/1979,8.2500
19/10/1979,8.2600
22/10/1979,8.2600
23/10/1979,8.3400
24/10/1979,8.3000
25/10/1979,8.3000
26/10/1979,8.3000
29/10/1979,8.3000
30/10/1979,8.4000
31/10/1979,8.4000
01/11/1979,8.3200
02/11/1979,8.3700
05/11/1979,8.3300
06/11/1979,
07/11/1979,8.2800
08/11/1979,8.2500
09/11/1979,8.2800
12/11/1979,
13/11/1979,8.2800
14/11/1979,8.2300
15/11/1979,8.1000
16/11/1979,8.1000
19/11/1979,8.1500
20/11/1979,8.1500
21/11/1979,8.1500
22/11/1979,
23/11/1979,8.1200
26/11/1979,8.1000
27/11/1979,8.1600
28/11/1979,8.1600
29/11/1979,8.1000
30/11/1979,8.0300
03/12/1979,8.0000
04/12/1979,8.0800
05/12/1979,8.1000
06/12/1979,8.1300
07/12/1979,8.0300
10/12/1979,8.1500
11/12/1979,8.1500
12/12/1979,8.0400
13/12/1979,8.1300
14/12/1979,8.1400
17/12/1979,8.1400
18/12/1979,8.1400
19/12/1979,8.1400
20/12/1979,8.1000
21/12/1979,8.1400
24/12/1979,8.1400
25/12/1979,
26/12/1979,8.1400
27/12/1979,8.1000
28/12/1979,8.0000
31/12/1979,8.0000
01/01/1980,
02/01/1980,8.0000
03/01/1980,7.9500
04/01/1980,8.0500
07/01/1980,8.0500
08/01/1980,8.0500
09/01/1980,8.0000
10/01/1980,8.0000
11/01/1980,8.0300
14/01/1980,8.0300
15/01/1980,7.9000
16/01/1980,7.9000
17/01/1980,7.9600
18/01/1980,7.8500
21/01/1980,7.9300
22/01/1980,7.9800
23/01/1980,8.0000
24/01/1980,8.0000
25/01/1980,8.0000
28/01/1980,8.0000
29/01/1980,8.0000
30/01/1980,8.0000
31/01/1980,8.0600
01/02/1980,8.0400
04/02/1980,8.0400
05/02/1980,8.0000
06/02/1980,7.9600
07/02/1980,7.9200
08/02/1980,7.8500
11/02/1980,7.9000
12/02/1980,
13/02/1980,7.9000
14/02/1980,7.9000
15/02/1980,7.9200
18/02/1980,
19/02/1980,7.9800
20/02/1980,8.0000
21/02/1980,8.0000
22/02/1980,8.0000
25/02/1980,8.0500
26/02/1980,8.0500
27/02/1980,8.0200
28/02/1980,8.0600
29/02/1980,8.0600
03/03/1980,8.0800
04/03/1980,8.0800
05/03/1980,8.1000
06/03/1980,8.1300
07/03/1980,8.1300
10/03/1980,8.1300
11/03/1980,8.1500
12/03/1980,8.1300
13/03/1980,8.1300
14/03/1980,8.1700
17/03/1980,8.2000
18/03/1980,8.2000
19/03/1980,8.1600
20/03/1980,8.1600
21/03/1980,8.1600
24/03/1980,8.1600
25/03/1980,8.1500
26/03/1980,8.1500
27/03/1980,8.2000
28/03/1980,8.2000
31/03/1980,8.2200
01/04/1980,8.3000
02/04/1980,8.2500
03/04/1980,8.2000
04/04/1980,8.2000
07/04/1980,8.2000
08/04/1980,8.2000
09/04/1980,8.2000
10/04/1980,8.0800
11/04/1980,8.0800
14/04/1980,8.0300
15/04/1980,8.0500
16/04/1980,7.9800
17/04/1980,8.0500
18/04/1980,8.0500
21/04/1980,8.0300
22/04/1980,8.0000
23/04/1980,7.9700
24/04/1980,7.9700
25/04/1980,8.0000
28/04/1980,7.9000
29/04/1980,7.9000
30/04/1980,7.9000
01/05/1980,7.9000
02/05/1980,7.9000
05/05/1980,7.9000
06/05/1980,7.9000
07/05/1980,7.9000
08/05/1980,7.9000
09/05/1980,7.9000
12/05/1980,7.8800
13/05/1980,7.9000
14/05/1980,7.9000
15/05/1980,7.9000
16/05/1980,7.9000
19/05/1980,7.9000
20/05/1980,7.9000
21/05/1980,7.8500
22/05/1980,7.8200
23/05/1980,7.8200
26/05/1980,
27/05/1980,7.7100
28/05/1980,7.7500
29/05/1980,7.7500
30/05/1980,7.7500
02/06/1980,7.7500
03/06/1980,7.7700
04/06/1980,7.9200
05/06/1980,7.8600
06/06/1980,7.8600
09/06/1980,7.8200
10/06/1980,7.8200
11/06/1980,7.8500
12/06/1980,7.8200
13/06/1980,7.8200
16/06/1980,7.8300
17/06/1980,7.8500
18/06/1980,7.8500
19/06/1980,7.8900
20/06/1980,7.8700
23/06/1980,7.8500
24/06/1980,7.8700
25/06/1980,7.8700
26/06/1980,7.8700
27/06/1980,7.8500
30/06/1980,7.8000
01/07/1980,7.8000
02/07/1980,7.7700
03/07/1980,7.8000
04/07/1980,
07/07/1980,7.8000
08/07/1980,7.7500
09/07/1980,7.7500
10/07/1980,7.7700
11/07/1980,7.7700
14/07/1980,7.7500
15/07/1980,7.7500
16/07/1980,7.7500
17/07/1980,7.7700
18/07/1980,7.7700
21/07/1980,7.7700
22/07/1980,7.7600
23/07/1980,7.7500
24/07/1980,7.7500
25/07/1980,7.7300
28/07/1980,7.7700
29/07/1980,7.7700
30/07/1980,7.7600
31/07/1980,7.8000
01/08/1980,7.8000
04/08/1980,7.7700
05/08/1980,7.7800
06/08/1980,7.7500
07/08/1980,7.7500
08/08/1980,7.7900
11/08/1980,7.7900
12/08/1980,7.7900
13/08/1980,7.7700
14/08/1980,7.7700
15/08/1980,7.7700
18/08/1980,7.8000
19/08/1980,7.8300
20/08/1980,7.8000
21/08/1980,7.8000
22/08/1980,7.8000
25/08/1980,7.8000
26/08/1980,7.8000
27/08/1980,7.7700
28/08/1980,7.7500
29/08/1980,7.7500
01/09/1980,
02/09/1980,7.7300
03/09/1980,7.7300
04/09/1980,7.7300
05/09/1980,7.7300
08/09/1980,7.7400
09/09/1980,7.7400
10/09/1980,7.7700
11/09/1980,7.7200
12/09/1980,7.7300
15/09/1980,7.7700
16/09/1980,7.8000
17/09/1980,7.8000
18/09/1980,7.7500
19/09/1980,7.7500
22/09/1980,7.7500
23/09/1980,7.7500
24/09/1980,7.7500
25/09/1980,7.7500
26/09/1980,7.7500
29/09/1980,7.7500
30/09/1980,7.7500
01/10/1980,7.7500
02/10/1980,7.7700
03/10/1980,7.7700
06/10/1980,7.7500
07/10/1980,7.7600
08/10/1980,7.7600
09/10/1980,7.7600
10/10/1980,7.7500
13/10/1980,
14/10/1980,7.7300
15/10/1980,7.7300
16/10/1980,7.7300
17/10/1980,7.7300
20/10/1980,7.7200
21/10/1980,7.7200
22/10/1980,7.7200
23/10/1980,7.7200
24/10/1980,7.6800
27/10/1980,7.6800
28/10/1980,7.7200
29/10/1980,7.7200
30/10/1980,7.7200
31/10/1980,7.7200
03/11/1980,7.7200
04/11/1980,
05/11/1980,7.7000
06/11/1980,7.7000
07/11/1980,7.7200
10/11/1980,7.7300
11/11/1980,
12/11/1980,7.7500
13/11/1980,7.7400
14/11/1980,7.7100
17/11/1980,7.8000
18/11/1980,7.8000
19/11/1980,7.8000
20/11/1980,7.8000
21/11/1980,7.8000
24/11/1980,7.8500
25/11/1980,7.8500
26/11/1980,7.8200
27/11/1980,
28/11/1980,7.8200
01/12/1980,7.8600
02/12/1980,7.8600
03/12/1980,7.9200
04/12/1980,7.9200
05/12/1980,7.9200
08/12/1980,7.9100
09/12/1980,7.9200
10/12/1980,7.9200
11/12/1980,7.9700
12/12/1980,7.9500
15/12/1980,7.9200
16/12/1980,7.9800
17/12/1980,7.9900
18/12/1980,7.9800
19/12/1980,7.9700
22/12/1980,7.9500
23/12/1980,7.9100
24/12/1980,7.9100
25/12/1980,
26/12/1980,7.9100
29/12/1980,7.9400
30/12/1980,7.9400
31/12/1980,7.9400
01/01/1981,
02/01/1981,7.8900
05/01/1981,7.8100
06/01/1981,7.8900
07/01/1981,7.8600
08/01/1981,7.9500
09/01/1981,7.9500
12/01/1981,7.9300
13/01/1981,7.9900
14/01/1981,7.9700
15/01/1981,7.9600
16/01/1981,7.9700
19/01/1981,7.9700
20/01/1981,7.9000
21/01/1981,7.9300
22/01/1981,7.9300
23/01/1981,7.9800
26/01/1981,7.9800
27/01/1981,8.0300
28/01/1981,8.0500
29/01/1981,8.0700
30/01/1981,8.1000
02/02/1981,8.2000
03/02/1981,8.1500
04/02/1981,8.1200
05/02/1981,8.1500
06/02/1981,8.1600
09/02/1981,8.1600
10/02/1981,8.1600
11/02/1981,8.1800
12/02/1981,
13/02/1981,8.2100
16/02/1981,
17/02/1981,8.2400
18/02/1981,8.2200
19/02/1981,8.2200
20/02/1981,8.2300
23/02/1981,8.2900
24/02/1981,8.3100
25/02/1981,8.3300
26/02/1981,8.3200
27/02/1981,8.3300
02/03/1981,8.3300
03/03/1981,8.2500
04/03/1981,8.1900
05/03/1981,8.2300
06/03/1981,8.2300
09/03/1981,8.2600
10/03/1981,8.2300
11/03/1981,8.1600
12/03/1981,8.1800
13/03/1981,8.2300
16/03/1981,8.2300
17/03/1981,8.2000
18/03/1981,8.2100
19/03/1981,8.2300
20/03/1981,8.2300
23/03/1981,8.2800
24/03/1981,8.2600
25/03/1981,8.2700
26/03/1981,8.2600
27/03/1981,8.3100
30/03/1981,8.3100
31/03/1981,8.2700
01/04/1981,8.2700
02/04/1981,8.2700
03/04/1981,8.3100
06/04/1981,8.3500
07/04/1981,8.3300
08/04/1981,8.2300
09/04/1981,8.2600
10/04/1981,8.2600
13/04/1981,8.3200
14/04/1981,8.3200
15/04/1981,8.3300
16/04/1981,8.3200
17/04/1981,8.3200
20/04/1981,8.3200
21/04/1981,8.3100
22/04/1981,8.2700
23/04/1981,8.2300
24/04/1981,8.2500
27/04/1981,8.2500
28/04/1981,8.2600
29/04/1981,8.3100
30/04/1981,8.3300
01/05/1981,8.3500
04/05/1981,8.3800
05/05/1981,8.3800
06/05/1981,8.3300
07/05/1981,8.3400
08/05/1981,8.3300
11/05/1981,8.3400
12/05/1981,8.3600
13/05/1981,8.3700
14/05/1981,8.4300
15/05/1981,8.4500
18/05/1981,8.3900
19/05/1981,8.4000
20/05/1981,8.4200
21/05/1981,8.4100
22/05/1981,8.4300
25/05/1981,
26/05/1981,8.5000
27/05/1981,8.5000
28/05/1981,8.5000
29/05/1981,8.4800
01/06/1981,8.5000
02/06/1981,8.5000
03/06/1981,8.5300
04/06/1981,8.5700
05/06/1981,8.6000
08/06/1981,8.6000
09/06/1981,8.6200
10/06/1981,8.6000
11/06/1981,8.5800
12/06/1981,8.6100
15/06/1981,8.5500
16/06/1981,8.4900
17/06/1981,8.4900
18/06/1981,8.5100
19/06/1981,8.5300
22/06/1981,8.5200
23/06/1981,8.5100
24/06/1981,8.5400
25/06/1981,8.5600
26/06/1981,8.5900
29/06/1981,8.6200
30/06/1981,8.6200
01/07/1981,8.6500
02/07/1981,8.8100
03/07/1981,8.8400
06/07/1981,8.8500
07/07/1981,8.7700
08/07/1981,8.8500
09/07/1981,8.8700
10/07/1981,8.8300
13/07/1981,8.8400
14/07/1981,8.9500
15/07/1981,8.9300
16/07/1981,8.9300
17/07/1981,8.9300
20/07/1981,8.9700
21/07/1981,8.9800
22/07/1981,9.0000
23/07/1981,8.9700
24/07/1981,8.9800
27/07/1981,8.9200
28/07/1981,8.9800
29/07/1981,8.9800
30/07/1981,9.0200
31/07/1981,9.0000
03/08/1981,9.0700
04/08/1981,9.0900
05/08/1981,9.0900
06/08/1981,9.1000
07/08/1981,9.1600
10/08/1981,9.2600
11/08/1981,9.2400
12/08/1981,9.1100
13/08/1981,9.0700
14/08/1981,9.0700
17/08/1981,8.9900
18/08/1981,8.9400
19/08/1981,8.9700
20/08/1981,8.9700
21/08/1981,8.9300
24/08/1981,8.9300
25/08/1981,9.0700
26/08/1981,9.0500
27/08/1981,9.0600
28/08/1981,9.0500
31/08/1981,9.0500
01/09/1981,9.0500
02/09/1981,9.0400
03/09/1981,9.0100
04/09/1981,9.0100
07/09/1981,
08/09/1981,9.1700
09/09/1981,9.1800
10/09/1981,9.1500
11/09/1981,9.1400
14/09/1981,9.1700
15/09/1981,9.0800
16/09/1981,9.0600
17/09/1981,9.0400
18/09/1981,9.0700
21/09/1981,9.1100
22/09/1981,9.1100
23/09/1981,9.1300
24/09/1981,9.2400
25/09/1981,9.2200
28/09/1981,9.2000
29/09/1981,9.1200
30/09/1981,9.1200
01/10/1981,9.1000
02/10/1981,9.0900
05/10/1981,9.0500
06/10/1981,9.1100
07/10/1981,9.0800
08/10/1981,8.9600
09/10/1981,8.9300
12/10/1981,
13/10/1981,9.1800
14/10/1981,9.1700
15/10/1981,9.1000
16/10/1981,9.1800
19/10/1981,9.2000
20/10/1981,9.2100
21/10/1981,9.2100
22/10/1981,9.2100
23/10/1981,9.2000
26/10/1981,9.2400
27/10/1981,9.1800
28/10/1981,9.1700
29/10/1981,9.1300
30/10/1981,9.1300
02/11/1981,9.1700
03/11/1981,
04/11/1981,9.1800
05/11/1981,9.1800
06/11/1981,9.1700
09/11/1981,9.1000
10/11/1981,9.1400
11/11/1981,
12/11/1981,9.1000
13/11/1981,9.1000
16/11/1981,9.0900
17/11/1981,9.1200
18/11/1981,9.1700
19/11/1981,9.0800
20/11/1981,9.1400
23/11/1981,9.1700
24/11/1981,9.1300
25/11/1981,9.1600
26/11/1981,
27/11/1981,9.1100
30/11/1981,9.1200
01/12/1981,9.0900
02/12/1981,9.1500
03/12/1981,9.1300
04/12/1981,9.1300
07/12/1981,9.1300
08/12/1981,9.1600
09/12/1981,9.1200
10/12/1981,9.1700
11/12/1981,9.1500
14/12/1981,9.1500
15/12/1981,9.1100
16/12/1981,9.1300
17/12/1981,9.1200
18/12/1981,9.1200
21/12/1981,9.1600
22/12/1981,9.1300
23/12/1981,9.1200
24/12/1981,9.1200
25/12/1981,
28/12/1981,9.1300
29/12/1981,9.1100
30/12/1981,9.1100
31/12/1981,9.1300
01/01/1982,
04/01/1982,9.0700
05/01/1982,9.1000
06/01/1982,9.1100
07/01/1982,9.1500
08/01/1982,9.1400
11/01/1982,9.1700
12/01/1982,9.1700
13/01/1982,9.1800
14/01/1982,9.1700
15/01/1982,9.1500
18/01/1982,9.1400
19/01/1982,9.1400
20/01/1982,9.1700
21/01/1982,9.1500
22/01/1982,9.1800
25/01/1982,9.2000
26/01/1982,9.2000
27/01/1982,9.1700
28/01/1982,9.1500
29/01/1982,9.1400
01/02/1982,9.1900
02/02/1982,9.1800
03/02/1982,9.1500
04/02/1982,9.1500
05/02/1982,9.1500
08/02/1982,9.1600
09/02/1982,9.1900
10/02/1982,9.1800
11/02/1982,9.1700
12/02/1982,
15/02/1982,
16/02/1982,9.2600
17/02/1982,9.2600
18/02/1982,9.2500
19/02/1982,9.2300
22/02/1982,9.2300
23/02/1982,9.2600
24/02/1982,9.2700
25/02/1982,9.2700
26/02/1982,9.3100
01/03/1982,9.2900
02/03/1982,9.2700
03/03/1982,9.2800
04/03/1982,9.2500
05/03/1982,9.2300
08/03/1982,9.2600
09/03/1982,9.2700
10/03/1982,9.2700
11/03/1982,9.2700
12/03/1982,9.2900
15/03/1982,9.2700
16/03/1982,9.2700
17/03/1982,9.2900
18/03/1982,9.2900
19/03/1982,9.3000
22/03/1982,9.3100
23/03/1982,9.3100
24/03/1982,9.3100
25/03/1982,9.3100
26/03/1982,9.3600
29/03/1982,9.3500
30/03/1982,9.3500
31/03/1982,9.3500
01/04/1982,9.3500
02/04/1982,9.3400
05/04/1982,9.3700
06/04/1982,9.3900
07/04/1982,9.3900
08/04/1982,9.3900
09/04/1982,9.3900
12/04/1982,9.4200
13/04/1982,9.3900
14/04/1982,9.4100
15/04/1982,9.4400
16/04/1982,9.4300
19/04/1982,9.4200
20/04/1982,9.4000
21/04/1982,9.4200
22/04/1982,9.4000
23/04/1982,9.4100
26/04/1982,9.3800
27/04/1982,9.3900
28/04/1982,9.3700
29/04/1982,9.3800
30/04/1982,9.3500
03/05/1982,9.3200
04/05/1982,9.3000
05/05/1982,9.3100
06/05/1982,9.2600
07/05/1982,9.2500
10/05/1982,9.2200
11/05/1982,9.2200
12/05/1982,9.2100
13/05/1982,9.2600
14/05/1982,9.3000
17/05/1982,9.2700
18/05/1982,9.2900
19/05/1982,9.3700
20/05/1982,9.3800
21/05/1982,9.2800
24/05/1982,9.3200
25/05/1982,9.3100
26/05/1982,9.3300
27/05/1982,9.3400
28/05/1982,9.3900
31/05/1982,
01/06/1982,9.3800
02/06/1982,9.3800
03/06/1982,9.3500
04/06/1982,9.3400
07/06/1982,9.3700
08/06/1982,9.3700
09/06/1982,9.3700
10/06/1982,9.3900
11/06/1982,9.4000
14/06/1982,9.4600
15/06/1982,9.4500
16/06/1982,9.4600
17/06/1982,9.5200
18/06/1982,9.5600
21/06/1982,9.5600
22/06/1982,9.5400
23/06/1982,9.5700
24/06/1982,9.5300
25/06/1982,9.5700
28/06/1982,9.6000
29/06/1982,9.5700
30/06/1982,9.5300
01/07/1982,9.5700
02/07/1982,9.5600
05/07/1982,
06/07/1982,9.5900
07/07/1982,9.6600
08/07/1982,9.6500
09/07/1982,9.6100
12/07/1982,9.5500
13/07/1982,9.5700
14/07/1982,9.5900
15/07/1982,9.5800
16/07/1982,9.6100
19/07/1982,9.5300
20/07/1982,9.5600
21/07/1982,9.5400
22/07/1982,9.5300
23/07/1982,9.4700
26/07/1982,9.4800
27/07/1982,9.5200
28/07/1982,9.5400
29/07/1982,9.5600
30/07/1982,9.5600
02/08/1982,9.5100
03/08/1982,9.5100
04/08/1982,9.5800
05/08/1982,9.6000
06/08/1982,9.6200
09/08/1982,9.6600
10/08/1982,9.6000
11/08/1982,9.6100
12/08/1982,9.6400
13/08/1982,9.5700
16/08/1982,9.6000
17/08/1982,9.6200
18/08/1982,9.5300
19/08/1982,9.5400
20/08/1982,9.5300
23/08/1982,9.5600
24/08/1982,9.5200
25/08/1982,9.5100
26/08/1982,9.5100
27/08/1982,9.5500
30/08/1982,9.6300
31/08/1982,9.6300
01/09/1982,9.6500
02/09/1982,9.5800
03/09/1982,9.5400
06/09/1982,
07/09/1982,9.6100
08/09/1982,9.6100
09/09/1982,9.6200
10/09/1982,9.6500
13/09/1982,9.6900
14/09/1982,9.6600
15/09/1982,9.6500
16/09/1982,9.6800
17/09/1982,9.6600
20/09/1982,9.6500
21/09/1982,9.6500
22/09/1982,9.6300
23/09/1982,9.6400
24/09/1982,9.6700
27/09/1982,9.7000
28/09/1982,9.7000
29/09/1982,9.6900
30/09/1982,9.7100
01/10/1982,9.7200
04/10/1982,9.7300
05/10/1982,9.7300
06/10/1982,9.7200
07/10/1982,9.7200
08/10/1982,9.6600
11/10/1982,
12/10/1982,9.6300
13/10/1982,9.6500
14/10/1982,9.6500
15/10/1982,9.6900
18/10/1982,9.6800
19/10/1982,9.6900
20/10/1982,9.7100
21/10/1982,9.7000
22/10/1982,9.6900
25/10/1982,9.7400
26/10/1982,9.7400
27/10/1982,9.7400
28/10/1982,9.7100
29/10/1982,9.7100
01/11/1982,9.7600
02/11/1982,
03/11/1982,9.7100
04/11/1982,9.7500
05/11/1982,9.7500
08/11/1982,9.7800
09/11/1982,9.7800
10/11/1982,9.7500
11/11/1982,
12/11/1982,9.8000
15/11/1982,9.8200
16/11/1982,9.8400
17/11/1982,9.8500
18/11/1982,9.8500
19/11/1982,9.8100
22/11/1982,9.8500
23/11/1982,9.8600
24/11/1982,9.8500
25/11/1982,
26/11/1982,9.8200
29/11/1982,9.7700
30/11/1982,9.7400
01/12/1982,9.6500
02/12/1982,9.6500
03/12/1982,9.6300
06/12/1982,9.6900
07/12/1982,9.6800
08/12/1982,9.6700
09/12/1982,9.7100
10/12/1982,9.7300
13/12/1982,9.7500
14/12/1982,9.7400
15/12/1982,9.7300
16/12/1982,9.7000
17/12/1982,9.6700
20/12/1982,9.7300
21/12/1982,9.7300
22/12/1982,9.7300
23/12/1982,9.7200
24/12/1982,9.7200
27/12/1982,9.7200
28/12/1982,9.7200
29/12/1982,9.6200
30/12/1982,9.6200
31/12/1982,9.6200
03/01/1983,9.6200
04/01/1983,9.6400
05/01/1983,9.6400
06/01/1983,9.7000
07/01/1983,9.7300
10/01/1983,9.7200
11/01/1983,9.7700
12/01/1983,9.7800
13/01/1983,9.7900
14/01/1983,9.8000
17/01/1983,9.8200
18/01/1983,9.8100
19/01/1983,9.8500
20/01/1983,9.8600
21/01/1983,9.8500
24/01/1983,9.8600
25/01/1983,9.8800
26/01/1983,9.8500
27/01/1983,9.8900
28/01/1983,9.9000
31/01/1983,9.9100
01/02/1983,9.9200
02/02/1983,9.9400
03/02/1983,9.9400
04/02/1983,9.9600
07/02/1983,9.9800
08/02/1983,9.9300
09/02/1983,9.9000
10/02/1983,9.8500
11/02/1983,9.8600
14/02/1983,9.9200
15/02/1983,9.8700
16/02/1983,9.8700
17/02/1983,9.8700
18/02/1983,9.9100
21/02/1983,
22/02/1983,9.9300
23/02/1983,9.9600
24/02/1983,9.9400
25/02/1983,9.9400
28/02/1983,9.9600
01/03/1983,9.9800
02/03/1983,9.9700
03/03/1983,9.9500
04/03/1983,9.9500
07/03/1983,9.9400
08/03/1983,9.9500
09/03/1983,9.9500
10/03/1983,9.9400
11/03/1983,9.9400
14/03/1983,9.9500
15/03/1983,9.9200
16/03/1983,9.9300
17/03/1983,9.9400
18/03/1983,9.9500
21/03/1983,9.9600
22/03/1983,9.9600
23/03/1983,9.9500
24/03/1983,9.9700
25/03/1983,10.0000
28/03/1983,10.0200
29/03/1983,10.0100
30/03/1983,10.0500
31/03/1983,10.0200
01/04/1983,10.0200
04/04/1983,10.0300
05/04/1983,9.9900
06/04/1983,9.9600
07/04/1983,9.9600
08/04/1983,10.0100
11/04/1983,9.9600
12/04/1983,9.9600
13/04/1983,9.9600
14/04/1983,9.9900
15/04/1983,9.9900
18/04/1983,9.9500
19/04/1983,9.9400
20/04/1983,9.9800
21/04/1983,10.0000
22/04/1983,10.0100
25/04/1983,9.9900
26/04/1983,9.9800
27/04/1983,9.9800
28/04/1983,9.9700
29/04/1983,10.0000
02/05/1983,10.0000
03/05/1983,9.9800
04/05/1983,9.9700
05/05/1983,9.9800
06/05/1983,9.9900
09/05/1983,9.9900
10/05/1983,9.9900
11/05/1983,9.9700
12/05/1983,9.9900
13/05/1983,9.9900
16/05/1983,9.9000
17/05/1983,10.0000
18/05/1983,10.0100
19/05/1983,10.0300
20/05/1983,10.0100
23/05/1983,10.0100
24/05/1983,10.0000
25/05/1983,10.0000
26/05/1983,9.9700
27/05/1983,10.0200
30/05/1983,
31/05/1983,9.9800
01/06/1983,10.0000
02/06/1983,10.0000
03/06/1983,10.0100
06/06/1983,9.9900
07/06/1983,10.0000
08/06/1983,10.0100
09/06/1983,10.0000
10/06/1983,10.0100
13/06/1983,10.0200
14/06/1983,10.0400
15/06/1983,10.0600
16/06/1983,10.0700
17/06/1983,10.0700
20/06/1983,10.0800
21/06/1983,10.0800
22/06/1983,10.0900
23/06/1983,10.1000
24/06/1983,10.0900
27/06/1983,10.0800
28/06/1983,10.0900
29/06/1983,10.1000
30/06/1983,10.0900
01/07/1983,10.0900
04/07/1983,
05/07/1983,10.0500
06/07/1983,10.0500
07/07/1983,10.0400
08/07/1983,10.0500
11/07/1983,10.0700
12/07/1983,10.1100
13/07/1983,10.1200
14/07/1983,10.1100
15/07/1983,10.1200
18/07/1983,10.0900
19/07/1983,10.0700
20/07/1983,10.0700
21/07/1983,10.0800
22/07/1983,10.0900
25/07/1983,10.0900
26/07/1983,10.0900
27/07/1983,10.1000
28/07/1983,10.1200
29/07/1983,10.1400
01/08/1983,10.1400
02/08/1983,10.1600
03/08/1983,10.1600
04/08/1983,10.1700
05/08/1983,10.2100
08/08/1983,10.2000
09/08/1983,10.1900
10/08/1983,10.1900
11/08/1983,10.2000
12/08/1983,10.2300
15/08/1983,10.1600
16/08/1983,10.1800
17/08/1983,10.1600
18/08/1983,10.1700
19/08/1983,10.1900
22/08/1983,10.1700
23/08/1983,10.1500
24/08/1983,10.1900
25/08/1983,10.1900
26/08/1983,10.2200
29/08/1983,10.2500
30/08/1983,10.2100
31/08/1983,10.2200
01/09/1983,10.2000
02/09/1983,10.2200
05/09/1983,
06/09/1983,10.2100
07/09/1983,10.2200
08/09/1983,10.2000
09/09/1983,10.1900
12/09/1983,10.1800
13/09/1983,10.2000
14/09/1983,10.2000
15/09/1983,10.2100
16/09/1983,10.2000
19/09/1983,10.2000
20/09/1983,10.1900
21/09/1983,10.1900
22/09/1983,10.1800
23/09/1983,10.2000
26/09/1983,10.2100
27/09/1983,10.2000
28/09/1983,10.2000
29/09/1983,10.2100
30/09/1983,10.2000
03/10/1983,10.2000
04/10/1983,10.2200
05/10/1983,10.2000
06/10/1983,10.2000
07/10/1983,10.2100
10/10/1983,
11/10/1983,10.1900
12/10/1983,10.2000
13/10/1983,10.2100
14/10/1983,10.2100
17/10/1983,10.2000
18/10/1983,10.2100
19/10/1983,10.2000
20/10/1983,10.2200
21/10/1983,10.2400
24/10/1983,10.2500
25/10/1983,10.2700
26/10/1983,10.2900
27/10/1983,10.2900
28/10/1983,10.2800
31/10/1983,10.2900
01/11/1983,10.3000
02/11/1983,10.3100
03/11/1983,10.3100
04/11/1983,10.3100
07/11/1983,10.3200
08/11/1983,
09/11/1983,10.3600
10/11/1983,10.3400
11/11/1983,
14/11/1983,10.3600
15/11/1983,10.3800
16/11/1983,10.3800
17/11/1983,10.4000
18/11/1983,10.4100
21/11/1983,10.4500
22/11/1983,10.4100
23/11/1983,10.4000
24/11/1983,
25/11/1983,10.4300
28/11/1983,10.4500
29/11/1983,10.4500
30/11/1983,10.4200
01/12/1983,10.4100
02/12/1983,10.4100
05/12/1983,10.4400
06/12/1983,10.4600
07/12/1983,10.4700
08/12/1983,10.4600
09/12/1983,10.4500
12/12/1983,10.4400
13/12/1983,10.4400
14/12/1983,10.4600
15/12/1983,10.4800
16/12/1983,10.5200
19/12/1983,10.5200
20/12/1983,10.5500
21/12/1983,10.5500
22/12/1983,10.5300
23/12/1983,10.6000
26/12/1983,
27/12/1983,10.5700
28/12/1983,10.5200
29/12/1983,10.5100
30/12/1983,10.4900
02/01/1984,
03/01/1984,10.5700
04/01/1984,10.6300
05/01/1984,10.6900
06/01/1984,10.7400
09/01/1984,10.7400
10/01/1984,10.7200
11/01/1984,10.7000
12/01/1984,10.7200
13/01/1984,10.7500
16/01/1984,10.7000
17/01/1984,10.6900
18/01/1984,10.7200
19/01/1984,10.7300
20/01/1984,10.7000
23/01/1984,10.7400
24/01/1984,10.7400
25/01/1984,10.7500
26/01/1984,10.7400
27/01/1984,10.7500
30/01/1984,10.7400
31/01/1984,10.7600
01/02/1984,10.7600
02/02/1984,10.7600
03/02/1984,10.7500
06/02/1984,10.7600
07/02/1984,10.7600
08/02/1984,10.7600
09/02/1984,10.7600
10/02/1984,10.7700
13/02/1984,
14/02/1984,10.7600
15/02/1984,10.7500
16/02/1984,10.7400
17/02/1984,10.7300
20/02/1984,
21/02/1984,10.7400
22/02/1984,10.7400
23/02/1984,10.7500
24/02/1984,10.7100
27/02/1984,10.7400
28/02/1984,10.7000
29/02/1984,10.6900
01/03/1984,10.6800
02/03/1984,10.6700
05/03/1984,10.6700
06/03/1984,10.6700
07/03/1984,10.6700
08/03/1984,10.6700
09/03/1984,10.6900
12/03/1984,10.6900
13/03/1984,10.7000
14/03/1984,10.6600
15/03/1984,10.6800
16/03/1984,10.7200
19/03/1984,10.7600
20/03/1984,10.7700
21/03/1984,10.7800
22/03/1984,10.7900
23/03/1984,10.7700
26/03/1984,10.7500
27/03/1984,10.7300
28/03/1984,10.7400
29/03/1984,10.7000
30/03/1984,10.7600
02/04/1984,10.7600
03/04/1984,10.7800
04/04/1984,10.7700
05/04/1984,10.7700
06/04/1984,10.7700
09/04/1984,10.7800
10/04/1984,10.8000
11/04/1984,10.8000
12/04/1984,10.8000
13/04/1984,10.8000
16/04/1984,10.8200
17/04/1984,10.8200
18/04/1984,10.8100
19/04/1984,10.8200
20/04/1984,10.8200
23/04/1984,10.8200
24/04/1984,10.8700
25/04/1984,10.8800
26/04/1984,10.8900
27/04/1984,10.9100
30/04/1984,10.9300
01/05/1984,10.9200
02/05/1984,10.9400
03/05/1984,10.9200
04/05/1984,10.9300
07/05/1984,10.9800
08/05/1984,11.0000
09/05/1984,11.0000
10/05/1984,11.1000
11/05/1984,11.0200
14/05/1984,11.0600
15/05/1984,11.0400
16/05/1984,11.0200
17/05/1984,11.0200
18/05/1984,11.0300
21/05/1984,11.0400
22/05/1984,11.0400
23/05/1984,11.0400
24/05/1984,11.0600
25/05/1984,11.0500
28/05/1984,
29/05/1984,11.0700
30/05/1984,11.0400
31/05/1984,11.0500
01/06/1984,11.0200
04/06/1984,10.9800
05/06/1984,10.9900
06/06/1984,10.9800
07/06/1984,10.9700
08/06/1984,10.9900
11/06/1984,10.9900
12/06/1984,11.0000
13/06/1984,11.0200
14/06/1984,11.0200
15/06/1984,11.0200
18/06/1984,11.0400
19/06/1984,11.0500
20/06/1984,11.0700
21/06/1984,11.1400
22/06/1984,11.1200
25/06/1984,11.1700
26/06/1984,11.1800
27/06/1984,11.1600
28/06/1984,11.2100
29/06/1984,11.2200
02/07/1984,11.2200
03/07/1984,11.2400
04/07/1984,
05/07/1984,11.2500
06/07/1984,11.2700
09/07/1984,11.2900
10/07/1984,11.2900
11/07/1984,11.3200
12/07/1984,11.3200
13/07/1984,11.3200
16/07/1984,11.3200
17/07/1984,11.3500
18/07/1984,11.3700
19/07/1984,11.4000
20/07/1984,11.4000
23/07/1984,11.4900
24/07/1984,11.4600
25/07/1984,11.4700
26/07/1984,11.4500
27/07/1984,11.5000
30/07/1984,11.5200
31/07/1984,11.5500
01/08/1984,11.5600
02/08/1984,11.5600
03/08/1984,11.5500
06/08/1984,11.5000
07/08/1984,11.5500
08/08/1984,11.5600
09/08/1984,11.5700
10/08/1984,11.5200
13/08/1984,11.5700
14/08/1984,11.5600
15/08/1984,11.5200
16/08/1984,11.5600
17/08/1984,11.5400
20/08/1984,11.5500
21/08/1984,11.5700
22/08/1984,11.5800
23/08/1984,11.5500
24/08/1984,11.5500
27/08/1984,11.5500
28/08/1984,11.5800
29/08/1984,11.5600
30/08/1984,11.5800
31/08/1984,11.6000
03/09/1984,
04/09/1984,11.7200
05/09/1984,11.7700
06/09/1984,11.7800
07/09/1984,11.7800
10/09/1984,11.7900
11/09/1984,11.8000
12/09/1984,11.7800
13/09/1984,11.7900
14/09/1984,11.8200
17/09/1984,11.8200
18/09/1984,12.0000
19/09/1984,11.9800
20/09/1984,11.9600
21/09/1984,11.9600
24/09/1984,11.8400
25/09/1984,11.9000
26/09/1984,11.9600
27/09/1984,11.9400
28/09/1984,11.9200
01/10/1984,11.9500
02/10/1984,11.9200
03/10/1984,11.8700
04/10/1984,11.9000
05/10/1984,11.9200
08/10/1984,
09/10/1984,11.9800
10/10/1984,11.9900
11/10/1984,11.9900
12/10/1984,12.0200
15/10/1984,12.0200
16/10/1984,12.1000
17/10/1984,12.1100
18/10/1984,12.1000
19/10/1984,12.0400
22/10/1984,12.1000
23/10/1984,12.0600
24/10/1984,12.0200
25/10/1984,12.0200
26/10/1984,12.0800
29/10/1984,12.1300
30/10/1984,12.1500
31/10/1984,12.1200
01/11/1984,12.0500
02/11/1984,11.9700
05/11/1984,11.9700
06/11/1984,
07/11/1984,12.0100
08/11/1984,12.0100
09/11/1984,12.0000
12/11/1984,
13/11/1984,12.0000
14/11/1984,12.0400
15/11/1984,12.0400
16/11/1984,12.0600
19/11/1984,12.0600
20/11/1984,12.0900
21/11/1984,12.1500
22/11/1984,
23/11/1984,12.1500
26/11/1984,12.1500
27/11/1984,12.1500
28/11/1984,12.1500
29/11/1984,12.1500
30/11/1984,12.2900
03/12/1984,12.2900
04/12/1984,12.2900
05/12/1984,12.2900
06/12/1984,12.2600
07/12/1984,12.2600
10/12/1984,12.2600
11/12/1984,12.2600
12/12/1984,12.2600
13/12/1984,12.2600
14/12/1984,12.2600
17/12/1984,12.2600
18/12/1984,12.2600
19/12/1984,12.2600
20/12/1984,12.2600
21/12/1984,12.3200
24/12/1984,12.3200
25/12/1984,
26/12/1984,12.3200
27/12/1984,12.3800
28/12/1984,12.4000
31/12/1984,12.3800
01/01/1985,
02/01/1985,12.3800
03/01/1985,12.3800
04/01/1985,12.5000
07/01/1985,12.5300
08/01/1985,12.5600
09/01/1985,12.5800
10/01/1985,12.6200
11/01/1985,12.6500
14/01/1985,12.6300
15/01/1985,12.7000
16/01/1985,12.6700
17/01/1985,12.6700
18/01/1985,12.6700
21/01/1985,
22/01/1985,12.6400
23/01/1985,12.6400
24/01/1985,12.7000
25/01/1985,12.6500
28/01/1985,12.6500
29/01/1985,12.6500
30/01/1985,12.7100
31/01/1985,12.6700
01/02/1985,12.6800
04/02/1985,12.7500
05/02/1985,12.7700
06/02/1985,12.8100
07/02/1985,12.8100
08/02/1985,12.8400
11/02/1985,12.8500
12/02/1985,
13/02/1985,12.9500
14/02/1985,12.9700
15/02/1985,12.8900
18/02/1985,
19/02/1985,12.9600
20/02/1985,12.9800
21/02/1985,13.0100
22/02/1985,13.0700
25/02/1985,13.1000
26/02/1985,13.2200
27/02/1985,13.0000
28/02/1985,12.9300
01/03/1985,12.9800
04/03/1985,13.0800
05/03/1985,13.1500
06/03/1985,13.1600
07/03/1985,13.0600
08/03/1985,13.1600
11/03/1985,13.0400
12/03/1985,12.9200
13/03/1985,13.0200
14/03/1985,13.0600
15/03/1985,13.1000
18/03/1985,13.0000
19/03/1985,12.7700
20/03/1985,12.6000
21/03/1985,12.6500
22/03/1985,12.6600
25/03/1985,12.7700
26/03/1985,12.8100
27/03/1985,12.4000
28/03/1985,12.5000
29/03/1985,12.2000
01/04/1985,12.3800
02/04/1985,12.5600
03/04/1985,12.4000
04/04/1985,12.5700
05/04/1985,12.5700
08/04/1985,12.4000
09/04/1985,12.5700
10/04/1985,12.6000
11/04/1985,12.4500
12/04/1985,12.3000
15/04/1985,12.2500
16/04/1985,12.2000
17/04/1985,12.1700
18/04/1985,12.3700
19/04/1985,12.1700
22/04/1985,12.2200
23/04/1985,12.3200
24/04/1985,12.4300
25/04/1985,12.4500
26/04/1985,12.5000
29/04/1985,12.5000
30/04/1985,12.4300
01/05/1985,12.5500
02/05/1985,12.6500
03/05/1985,12.6200
06/05/1985,12.6200
07/05/1985,12.6000
08/05/1985,12.6400
09/05/1985,12.5400
10/05/1985,12.5500
13/05/1985,12.5500
14/05/1985,12.4900
15/05/1985,12.3900
16/05/1985,12.4600
17/05/1985,12.4800
20/05/1985,12.2400
21/05/1985,12.3600
22/05/1985,12.4200
23/05/1985,12.4700
24/05/1985,12.4200
27/05/1985,
28/05/1985,12.5200
29/05/1985,12.5300
30/05/1985,12.4400
31/05/1985,12.4700
03/06/1985,12.3900
04/06/1985,12.4200
05/06/1985,12.4400
06/06/1985,12.4600
07/06/1985,12.4700
10/06/1985,12.5100
11/06/1985,12.5400
12/06/1985,12.5300
13/06/1985,12.5400
14/06/1985,12.4800
17/06/1985,12.4900
18/06/1985,12.4400
19/06/1985,12.3200
20/06/1985,12.3200
21/06/1985,12.4200
24/06/1985,12.4500
25/06/1985,12.3900
26/06/1985,12.4000
27/06/1985,12.4000
28/06/1985,12.4000
01/07/1985,12.3000
02/07/1985,12.3800
03/07/1985,12.3700
04/07/1985,
05/07/1985,12.3700
08/07/1985,12.3200
09/07/1985,12.1700
10/07/1985,12.0200
11/07/1985,12.0200
12/07/1985,12.0200
15/07/1985,11.9700
16/07/1985,11.9400
17/07/1985,11.8300
18/07/1985,11.8200
19/07/1985,11.9000
22/07/1985,12.0200
23/07/1985,11.8600
24/07/1985,11.9800
25/07/1985,11.9200
26/07/1985,11.9800
29/07/1985,11.8600
30/07/1985,11.8400
31/07/1985,11.8000
01/08/1985,11.8600
02/08/1985,11.4400
05/08/1985,11.9500
06/08/1985,11.9800
07/08/1985,12.0800
08/08/1985,12.0000
09/08/1985,12.0200
12/08/1985,11.9400
13/08/1985,11.9000
14/08/1985,11.9600
15/08/1985,11.8900
16/08/1985,11.8200
19/08/1985,11.8300
20/08/1985,11.8800
21/08/1985,11.9200
22/08/1985,11.8300
23/08/1985,11.9200
26/08/1985,11.9200
27/08/1985,11.8700
28/08/1985,11.8800
29/08/1985,11.9000
30/08/1985,11.9600
02/09/1985,
03/09/1985,12.0600
04/09/1985,12.0800
05/09/1985,12.1000
06/09/1985,12.2200
09/09/1985,12.4000
10/09/1985,12.3300
11/09/1985,12.3200
12/09/1985,12.4400
13/09/1985,12.2500
16/09/1985,12.3000
17/09/1985,12.2800
18/09/1985,12.3100
19/09/1985,12.3000
20/09/1985,12.2200
23/09/1985,11.8000
24/09/1985,11.8500
25/09/1985,11.8800
26/09/1985,11.7000
27/09/1985,11.7000
30/09/1985,11.9700
01/10/1985,11.9200
02/10/1985,11.8700
03/10/1985,11.9700
04/10/1985,11.9500
07/10/1985,12.0600
08/10/1985,12.0500
09/10/1985,12.0600
10/10/1985,12.0800
11/10/1985,12.0900
14/10/1985,
15/10/1985,12.0900
16/10/1985,12.1000
17/10/1985,12.0800
18/10/1985,12.0900
21/10/1985,12.0300
22/10/1985,12.0400
23/10/1985,12.0100
24/10/1985,12.0000
25/10/1985,12.0400
28/10/1985,12.0200
29/10/1985,12.0700
30/10/1985,12.0600
31/10/1985,12.0500
01/11/1985,12.0700
04/11/1985,12.0600
05/11/1985,12.0600
06/11/1985,12.0800
07/11/1985,12.0800
08/11/1985,12.1900
11/11/1985,
12/11/1985,12.1700
13/11/1985,12.1600
14/11/1985,12.1600
15/11/1985,12.1400
18/11/1985,12.1800
19/11/1985,12.1200
20/11/1985,12.1300
21/11/1985,12.0700
22/11/1985,12.0800
25/11/1985,12.0300
26/11/1985,12.0700
27/11/1985,12.0200
28/11/1985,
29/11/1985,12.0500
02/12/1985,12.0400
03/12/1985,12.0700
04/12/1985,12.0700
05/12/1985,12.0700
06/12/1985,12.1000
09/12/1985,12.1900
10/12/1985,12.2000
11/12/1985,12.2000
12/12/1985,12.1800
13/12/1985,12.1700
16/12/1985,12.1700
17/12/1985,12.1500
18/12/1985,12.1900
19/12/1985,12.2000
20/12/1985,12.1900
23/12/1985,12.1900
24/12/1985,12.2100
25/12/1985,
26/12/1985,12.2100
27/12/1985,12.1900
30/12/1985,12.1000
31/12/1985,12.1100
01/01/1986,
02/01/1986,12.0500
03/01/1986,12.1200
06/01/1986,12.1700
07/01/1986,12.1300
08/01/1986,12.1600
09/01/1986,12.1900
10/01/1986,12.0900
13/01/1986,12.1800
14/01/1986,12.2000
15/01/1986,12.2100
16/01/1986,12.2000
17/01/1986,12.2200
20/01/1986,
21/01/1986,12.3100
22/01/1986,12.3800
23/01/1986,12.3800
24/01/1986,12.3700
27/01/1986,12.4400
28/01/1986,12.3400
29/01/1986,12.3300
30/01/1986,12.3000
31/01/1986,12.3400
03/02/1986,12.4500
04/02/1986,12.5500
05/02/1986,12.4900
06/02/1986,12.4700
07/02/1986,12.5300
10/02/1986,12.5200
11/02/1986,12.4900
12/02/1986,12.4400
13/02/1986,12.4300
14/02/1986,12.4400
17/02/1986,
18/02/1986,12.4000
19/02/1986,12.2900
20/02/1986,12.2400
21/02/1986,12.3700
24/02/1986,12.2600
25/02/1986,12.1200
26/02/1986,12.1300
27/02/1986,12.1400
28/02/1986,12.2700
03/03/1986,12.3400
04/03/1986,12.2300
05/03/1986,12.2200
06/03/1986,12.2700
07/03/1986,12.8300
10/03/1986,12.2500
11/03/1986,12.3500
12/03/1986,12.2000
13/03/1986,12.3000
14/03/1986,12.2500
17/03/1986,12.2400
18/03/1986,12.2300
19/03/1986,12.2400
20/03/1986,12.1700
21/03/1986,12.1700
24/03/1986,12.1900
25/03/1986,12.3300
26/03/1986,12.3300
27/03/1986,12.3100
28/03/1986,12.3100
31/03/1986,12.3100
01/04/1986,12.4300
02/04/1986,12.4200
03/04/1986,12.4400
04/04/1986,12.4900
07/04/1986,12.5400
08/04/1986,12.5000
09/04/1986,12.5600
10/04/1986,12.5500
11/04/1986,12.4800
14/04/1986,12.4500
15/04/1986,12.4900
16/04/1986,12.4100
17/04/1986,12.3400
18/04/1986,12.2800
21/04/1986,12.3600
22/04/1986,12.3000
23/04/1986,12.2900
24/04/1986,12.2200
25/04/1986,12.2800
28/04/1986,12.2500
29/04/1986,12.2700
30/04/1986,12.3000
01/05/1986,12.3500
02/05/1986,12.4400
05/05/1986,12.4400
06/05/1986,12.3700
07/05/1986,12.3400
08/05/1986,12.3000
09/05/1986,12.3600
12/05/1986,12.3200
13/05/1986,12.3200
14/05/1986,12.3800
15/05/1986,12.3600
16/05/1986,12.4300
19/05/1986,12.4600
20/05/1986,12.4200
21/05/1986,12.5000
22/05/1986,12.5700
23/05/1986,12.6400
26/05/1986,
27/05/1986,12.6900
28/05/1986,12.6300
29/05/1986,12.6900
30/05/1986,12.7700
02/06/1986,12.8700
03/06/1986,12.7000
04/06/1986,12.6700
05/06/1986,12.6900
06/06/1986,12.5800
09/06/1986,12.6300
10/06/1986,12.5500
11/06/1986,12.4400
12/06/1986,12.4800
13/06/1986,12.5900
16/06/1986,12.5300
17/06/1986,12.6200
18/06/1986,12.6200
19/06/1986,12.6200
20/06/1986,12.6500
23/06/1986,12.7100
24/06/1986,12.5800
25/06/1986,12.5200
26/06/1986,12.5600
27/06/1986,12.5400
30/06/1986,12.4200
01/07/1986,12.4000
02/07/1986,12.4200
03/07/1986,12.3600
04/07/1986,
07/07/1986,12.3500
08/07/1986,12.3700
09/07/1986,12.4500
10/07/1986,12.4800
11/07/1986,12.5100
14/07/1986,12.6200
15/07/1986,12.5400
16/07/1986,12.4700
17/07/1986,12.5300
18/07/1986,12.5900
21/07/1986,12.5900
22/07/1986,12.5600
23/07/1986,12.5700
24/07/1986,12.5300
25/07/1986,12.5400
28/07/1986,12.5800
29/07/1986,12.5600
30/07/1986,12.5700
31/07/1986,12.5800
01/08/1986,12.5800
04/08/1986,12.5900
05/08/1986,12.5300
06/08/1986,12.5500
07/08/1986,12.5700
08/08/1986,12.5600
11/08/1986,12.5400
12/08/1986,12.5500
13/08/1986,12.5800
14/08/1986,12.5700
15/08/1986,12.5500
18/08/1986,12.5900
19/08/1986,12.6100
20/08/1986,12.5700
21/08/1986,12.5900
22/08/1986,12.5700
25/08/1986,12.5700
26/08/1986,12.5600
27/08/1986,12.5800
28/08/1986,12.5500
29/08/1986,12.5400
01/09/1986,
02/09/1986,12.5700
03/09/1986,12.5800
04/09/1986,12.5700
05/09/1986,12.5700
08/09/1986,12.6100
09/09/1986,12.6200
10/09/1986,12.6200
11/09/1986,12.6400
12/09/1986,12.6700
15/09/1986,12.7000
16/09/1986,12.7000
17/09/1986,12.7200
18/09/1986,12.6700
19/09/1986,12.6800
22/09/1986,12.7300
23/09/1986,12.7500
24/09/1986,12.7200
25/09/1986,12.7400
26/09/1986,12.7800
29/09/1986,12.7800
30/09/1986,12.7700
01/10/1986,12.8000
02/10/1986,12.8100
03/10/1986,12.7700
06/10/1986,12.7700
07/10/1986,12.7700
08/10/1986,12.8100
09/10/1986,12.7800
10/10/1986,12.8100
13/10/1986,
14/10/1986,12.7600
15/10/1986,12.7900
16/10/1986,12.8100
17/10/1986,12.8400
20/10/1986,12.8300
21/10/1986,12.8400
22/10/1986,12.8600
23/10/1986,12.9100
24/10/1986,12.9600
27/10/1986,12.9700
28/10/1986,12.9200
29/10/1986,12.9300
30/10/1986,12.9500
31/10/1986,12.9800
03/11/1986,12.9500
04/11/1986,12.9600
05/11/1986,12.9400
06/11/1986,12.9900
07/11/1986,13.0100
10/11/1986,13.0100
11/11/1986,
12/11/1986,13.0900
13/11/1986,13.1300
14/11/1986,13.1000
17/11/1986,13.1100
18/11/1986,13.1500
19/11/1986,13.1500
20/11/1986,13.1500
21/11/1986,13.1600
24/11/1986,13.1400
25/11/1986,13.1200
26/11/1986,13.1100
27/11/1986,
28/11/1986,13.1000
01/12/1986,13.1300
02/12/1986,13.1400
03/12/1986,13.1400
04/12/1986,13.1400
05/12/1986,13.1600
08/12/1986,13.1800
09/12/1986,13.1800
10/12/1986,13.1600
11/12/1986,13.1800
12/12/1986,13.1700
15/12/1986,13.1400
16/12/1986,13.1700
17/12/1986,13.1800
18/12/1986,13.1500
19/12/1986,13.1600
22/12/1986,13.1300
23/12/1986,13.1200
24/12/1986,13.1300
25/12/1986,
26/12/1986,13.1300
29/12/1986,13.1300
30/12/1986,13.1300
31/12/1986,13.1200
01/01/1987,
02/01/1987,13.0200
05/01/1987,13.0500
06/01/1987,13.0500
07/01/1987,13.0500
08/01/1987,13.0800
09/01/1987,13.0500
12/01/1987,13.0200
13/01/1987,13.0400
14/01/1987,13.0200
15/01/1987,13.0100
16/01/1987,13.0000
19/01/1987,
20/01/1987,13.0500
21/01/1987,13.0700
22/01/1987,13.0200
23/01/1987,13.0400
26/01/1987,13.0200
27/01/1987,13.0400
28/01/1987,12.9500
29/01/1987,12.9700
30/01/1987,13.0400
02/02/1987,13.0600
03/02/1987,13.0200
04/02/1987,13.0300
05/02/1987,13.1200
06/02/1987,13.1900
09/02/1987,13.1300
10/02/1987,13.0500
11/02/1987,13.0400
12/02/1987,13.0300
13/02/1987,13.0500
16/02/1987,
17/02/1987,13.0400
18/02/1987,13.0400
19/02/1987,13.0900
20/02/1987,13.0800
23/02/1987,13.0300
24/02/1987,13.0400
25/02/1987,13.0400
26/02/1987,13.0500
27/02/1987,13.0500
02/03/1987,13.0200
03/03/1987,13.0200
04/03/1987,13.0300
05/03/1987,13.0200
06/03/1987,12.9800
09/03/1987,12.9500
10/03/1987,12.9700
11/03/1987,12.9200
12/03/1987,12.9300
13/03/1987,12.9900
16/03/1987,12.9900
17/03/1987,12.9200
18/03/1987,12.8500
19/03/1987,12.8600
20/03/1987,12.8800
23/03/1987,12.8000
24/03/1987,12.7900
25/03/1987,12.8200
26/03/1987,12.9000
27/03/1987,12.8900
30/03/1987,12.8500
31/03/1987,12.9400
01/04/1987,12.9400
02/04/1987,13.0000
03/04/1987,12.8800
06/04/1987,12.8500
07/04/1987,12.8500
08/04/1987,12.8700
09/04/1987,12.8500
10/04/1987,12.8200
13/04/1987,12.8600
14/04/1987,12.8000
15/04/1987,12.8300
16/04/1987,12.8600
17/04/1987,12.8400
20/04/1987,12.8600
21/04/1987,12.8000
22/04/1987,12.8200
23/04/1987,12.8000
24/04/1987,12.7000
27/04/1987,12.6300
28/04/1987,12.6900
29/04/1987,12.7200
30/04/1987,12.6500
01/05/1987,12.6300
04/05/1987,12.6300
05/05/1987,12.6100
06/05/1987,12.5700
07/05/1987,12.5900
08/05/1987,12.5900
11/05/1987,12.6600
12/05/1987,12.7000
13/05/1987,12.7000
14/05/1987,12.6500
15/05/1987,12.6200
18/05/1987,12.6100
19/05/1987,12.5900
20/05/1987,12.5900
21/05/1987,12.6300
22/05/1987,12.6300
25/05/1987,
26/05/1987,12.7400
27/05/1987,12.8900
28/05/1987,12.8500
29/05/1987,12.8400
01/06/1987,12.8900
02/06/1987,12.8000
03/06/1987,12.8100
04/06/1987,12.8400
05/06/1987,12.8300
08/06/1987,12.8100
09/06/1987,12.7500
10/06/1987,12.7200
11/06/1987,12.7200
12/06/1987,12.7500
15/06/1987,12.8600
16/06/1987,12.8500
17/06/1987,12.8500
18/06/1987,12.8400
19/06/1987,12.8500
22/06/1987,12.9100
23/06/1987,12.9300
24/06/1987,12.8200
25/06/1987,12.8700
26/06/1987,12.8800
29/06/1987,12.9400
30/06/1987,12.8900
01/07/1987,12.8700
02/07/1987,12.9000
03/07/1987,12.8900
06/07/1987,12.9000
07/07/1987,12.9000
08/07/1987,12.9400
09/07/1987,12.9400
10/07/1987,13.0000
13/07/1987,12.9900
14/07/1987,13.0300
15/07/1987,12.9600
16/07/1987,12.9900
17/07/1987,13.0400
20/07/1987,13.1000
21/07/1987,13.1100
22/07/1987,13.1000
23/07/1987,13.0500
24/07/1987,13.0800
27/07/1987,13.0900
28/07/1987,13.1100
29/07/1987,13.0800
30/07/1987,13.1100
31/07/1987,13.1100
03/08/1987,13.1200
04/08/1987,13.1500
05/08/1987,13.0900
06/08/1987,13.0900
07/08/1987,13.1200
10/08/1987,13.1100
11/08/1987,13.1100
12/08/1987,13.1000
13/08/1987,13.0900
14/08/1987,13.1000
17/08/1987,13.0900
18/08/1987,13.0400
19/08/1987,13.0800
20/08/1987,13.0700
21/08/1987,13.0600
24/08/1987,13.0600
25/08/1987,13.0700
26/08/1987,13.0900
27/08/1987,13.0500
28/08/1987,13.0500
31/08/1987,13.0500
01/09/1987,12.9800
02/09/1987,12.9500
03/09/1987,12.9400
04/09/1987,12.9300
07/09/1987,
08/09/1987,12.9000
09/09/1987,12.9200
10/09/1987,12.9600
11/09/1987,12.9500
14/09/1987,13.0000
15/09/1987,13.0000
16/09/1987,12.9900
17/09/1987,12.9800
18/09/1987,12.9500
21/09/1987,12.9600
22/09/1987,13.0000
23/09/1987,13.0400
24/09/1987,13.0300
25/09/1987,13.0700
28/09/1987,13.0700
29/09/1987,13.1300
30/09/1987,13.1100
01/10/1987,13.1100
02/10/1987,13.0800
05/10/1987,13.1000
06/10/1987,13.0600
07/10/1987,13.0600
08/10/1987,13.0800
09/10/1987,13.0600
12/10/1987,
13/10/1987,13.0800
14/10/1987,13.0500
15/10/1987,13.0500
16/10/1987,13.0700
19/10/1987,12.9900
20/10/1987,13.0300
21/10/1987,13.0600
22/10/1987,13.0400
23/10/1987,13.0200
26/10/1987,12.9900
27/10/1987,12.9900
28/10/1987,12.9900
29/10/1987,13.0000
30/10/1987,12.9900
02/11/1987,13.0000
03/11/1987,13.0100
04/11/1987,12.9900
05/11/1987,12.9300
06/11/1987,12.9000
09/11/1987,12.8800
10/11/1987,12.8600
11/11/1987,
12/11/1987,13.0400
13/11/1987,13.0100
16/11/1987,13.1400
17/11/1987,13.0400
18/11/1987,13.0000
19/11/1987,12.9600
20/11/1987,12.9200
23/11/1987,12.9500
24/11/1987,13.0200
25/11/1987,13.0000
26/11/1987,
27/11/1987,12.9300
30/11/1987,12.8900
01/12/1987,12.9400
02/12/1987,12.9700
03/12/1987,12.9800
04/12/1987,12.9500
07/12/1987,13.0000
08/12/1987,13.0500
09/12/1987,12.9900
10/12/1987,12.9400
11/12/1987,12.9400
14/12/1987,12.8900
15/12/1987,12.9100
16/12/1987,12.9500
17/12/1987,12.9000
18/12/1987,12.9000
21/12/1987,12.9400
22/12/1987,12.9600
23/12/1987,13.0000
24/12/1987,13.0000
25/12/1987,
28/12/1987,12.9200
29/12/1987,12.8200
30/12/1987,12.8600
31/12/1987,12.7500
01/01/1988,
04/01/1988,12.8800
05/01/1988,12.9900
06/01/1988,13.1000
07/01/1988,13.0500
08/01/1988,13.0900
11/01/1988,13.0200
12/01/1988,13.0300
13/01/1988,12.9900
14/01/1988,13.0600
15/01/1988,13.1300
18/01/1988,
19/01/1988,13.0800
20/01/1988,13.0400
21/01/1988,12.9900
22/01/1988,13.0300
25/01/1988,13.0500
26/01/1988,13.0400
27/01/1988,13.0500
28/01/1988,13.0500
29/01/1988,13.0800
01/02/1988,13.1000
02/02/1988,13.1000
03/02/1988,13.0300
04/02/1988,13.0700
05/02/1988,13.0600
08/02/1988,13.1100
09/02/1988,13.1100
10/02/1988,13.0600
11/02/1988,13.0400
12/02/1988,13.1100
15/02/1988,
16/02/1988,13.0900
17/02/1988,13.0800
18/02/1988,13.0700
19/02/1988,13.0700
22/02/1988,13.0300
23/02/1988,13.0300
24/02/1988,13.0300
25/02/1988,13.0300
26/02/1988,13.0200
29/02/1988,13.0600
01/03/1988,13.0600
02/03/1988,13.0600
03/03/1988,13.0700
04/03/1988,13.0700
07/03/1988,12.9700
08/03/1988,12.8500
09/03/1988,12.8700
10/03/1988,12.9300
11/03/1988,12.9000
14/03/1988,12.8900
15/03/1988,12.9200
16/03/1988,12.9300
17/03/1988,12.9400
18/03/1988,13.0000
21/03/1988,13.0000
22/03/1988,13.0200
23/03/1988,13.0200
24/03/1988,13.0200
25/03/1988,13.0300
28/03/1988,13.0000
29/03/1988,12.9600
30/03/1988,13.0500
31/03/1988,12.9600
01/04/1988,13.0000
04/04/1988,12.9600
05/04/1988,13.0900
06/04/1988,13.0900
07/04/1988,13.1600
08/04/1988,13.1200
11/04/1988,13.1700
12/04/1988,13.2200
13/04/1988,13.2600
14/04/1988,13.2000
15/04/1988,13.1200
18/04/1988,13.1000
19/04/1988,13.1700
20/04/1988,13.1600
21/04/1988,13.1600
22/04/1988,13.2000
25/04/1988,13.2300
26/04/1988,13.2000
27/04/1988,13.2700
28/04/1988,13.2200
29/04/1988,13.2100
02/05/1988,13.3000
03/05/1988,13.2800
04/05/1988,13.2800
05/05/1988,13.2700
06/05/1988,13.2800
09/05/1988,13.2500
10/05/1988,13.2600
11/05/1988,13.2400
12/05/1988,13.2800
13/05/1988,13.2500
16/05/1988,13.2600
17/05/1988,13.3300
18/05/1988,13.3100
19/05/1988,13.3300
20/05/1988,13.3700
23/05/1988,13.3600
24/05/1988,13.3400
25/05/1988,13.3900
26/05/1988,13.3900
27/05/1988,13.3900
30/05/1988,
31/05/1988,13.4700
01/06/1988,13.5100
02/06/1988,13.5900
03/06/1988,13.5800
06/06/1988,13.6000
07/06/1988,13.6000
08/06/1988,13.5800
09/06/1988,13.5900
10/06/1988,13.6200
13/06/1988,13.6100
14/06/1988,13.6800
15/06/1988,13.7700
16/06/1988,13.7600
17/06/1988,13.8500
20/06/1988,13.8200
21/06/1988,13.8200
22/06/1988,13.9000
23/06/1988,13.9700
24/06/1988,13.9800
27/06/1988,14.1700
28/06/1988,14.0800
29/06/1988,14.1400
30/06/1988,14.0700
01/07/1988,14.1400
04/07/1988,
05/07/1988,14.1200
06/07/1988,14.0200
07/07/1988,14.0200
08/07/1988,14.0200
11/07/1988,14.0700
12/07/1988,14.0700
13/07/1988,14.0600
14/07/1988,14.0900
15/07/1988,14.1000
18/07/1988,14.0800
19/07/1988,14.0600
20/07/1988,14.0600
21/07/1988,14.0400
22/07/1988,14.0600
25/07/1988,14.0600
26/07/1988,14.1100
27/07/1988,14.1000
28/07/1988,14.1400
29/07/1988,14.1700
01/08/1988,14.1800
02/08/1988,14.1600
03/08/1988,14.1700
04/08/1988,14.1700
05/08/1988,14.1900
08/08/1988,14.1600
09/08/1988,14.1700
10/08/1988,14.1900
11/08/1988,14.1700
12/08/1988,14.1400
15/08/1988,14.1500
16/08/1988,14.1200
17/08/1988,14.1900
18/08/1988,14.2000
19/08/1988,14.2200
22/08/1988,14.3500
23/08/1988,14.3000
24/08/1988,14.2900
25/08/1988,14.2300
26/08/1988,14.2800
29/08/1988,14.2800
30/08/1988,14.3200
31/08/1988,14.3600
01/09/1988,14.4100
02/09/1988,14.4400
05/09/1988,
06/09/1988,14.3900
07/09/1988,14.3800
08/09/1988,14.4000
09/09/1988,14.4300
12/09/1988,14.4000
13/09/1988,14.4300
14/09/1988,14.4400
15/09/1988,14.4800
16/09/1988,14.5100
19/09/1988,14.5200
20/09/1988,14.4900
21/09/1988,14.5600
22/09/1988,14.6000
23/09/1988,14.5800
26/09/1988,14.6000
27/09/1988,14.5700
28/09/1988,14.5600
29/09/1988,14.5400
30/09/1988,14.5500
03/10/1988,14.5600
04/10/1988,14.5600
05/10/1988,14.5900
06/10/1988,14.5700
07/10/1988,14.5600
10/10/1988,
11/10/1988,14.6200
12/10/1988,14.7000
13/10/1988,14.6700
14/10/1988,14.7200
17/10/1988,14.7300
18/10/1988,14.7400
19/10/1988,14.7600
20/10/1988,14.7500
21/10/1988,14.7500
24/10/1988,14.7800
25/10/1988,14.8000
26/10/1988,14.8200
27/10/1988,14.8800
28/10/1988,14.8700
31/10/1988,14.9700
01/11/1988,14.8800
02/11/1988,14.8900
03/11/1988,14.9000
04/11/1988,14.9500
07/11/1988,14.9900
08/11/1988,14.9800
09/11/1988,14.9400
10/11/1988,14.9600
11/11/1988,
14/11/1988,14.9600
15/11/1988,14.9700
16/11/1988,14.9400
17/11/1988,14.9500
18/11/1988,15.0600
21/11/1988,15.0600
22/11/1988,15.0200
23/11/1988,15.0000
24/11/1988,
25/11/1988,14.9900
28/11/1988,14.9800
29/11/1988,14.9500
30/11/1988,14.9500
01/12/1988,14.9000
02/12/1988,14.8700
05/12/1988,14.9500
06/12/1988,14.9700
07/12/1988,15.0900
08/12/1988,15.0000
09/12/1988,15.0500
12/12/1988,15.0500
13/12/1988,15.0900
14/12/1988,15.0400
15/12/1988,15.0300
16/12/1988,15.0600
19/12/1988,15.0100
20/12/1988,15.0600
21/12/1988,15.0300
22/12/1988,15.0400
23/12/1988,15.0300
26/12/1988,
27/12/1988,15.0300
28/12/1988,15.0900
29/12/1988,15.0200
30/12/1988,14.9900
02/01/1989,
03/01/1989,15.0200
04/01/1989,15.0800
05/01/1989,15.0500
06/01/1989,15.0700
09/01/1989,15.1000
10/01/1989,15.0700
11/01/1989,15.0500
12/01/1989,15.0600
13/01/1989,15.0400
16/01/1989,
17/01/1989,15.0900
18/01/1989,15.0900
19/01/1989,15.1100
20/01/1989,15.1000
23/01/1989,15.1100
24/01/1989,15.1200
25/01/1989,15.1300
26/01/1989,15.0900
27/01/1989,15.1200
30/01/1989,15.1700
31/01/1989,15.1800
01/02/1989,15.2000
02/02/1989,15.1800
03/02/1989,15.1800
06/02/1989,15.2300
07/02/1989,15.2000
08/02/1989,15.2000
09/02/1989,15.1900
10/02/1989,15.1900
13/02/1989,15.2400
14/02/1989,15.2200
15/02/1989,15.2000
16/02/1989,15.2300
17/02/1989,15.1900
20/02/1989,
21/02/1989,15.2900
22/02/1989,15.3500
23/02/1989,15.3000
24/02/1989,15.3000
27/02/1989,15.3300
28/02/1989,15.3500
01/03/1989,15.3500
02/03/1989,15.3400
03/03/1989,15.3100
06/03/1989,15.3200
07/03/1989,15.3400
08/03/1989,15.3200
09/03/1989,15.3400
10/03/1989,15.3500
13/03/1989,15.3800
14/03/1989,15.4700
15/03/1989,15.4300
16/03/1989,15.4900
17/03/1989,15.5200
20/03/1989,15.5300
21/03/1989,15.5300
22/03/1989,15.5200
23/03/1989,15.5400
24/03/1989,15.5000
27/03/1989,15.6000
28/03/1989,15.6600
29/03/1989,15.6400
30/03/1989,15.6400
31/03/1989,15.6300
03/04/1989,15.6200
04/04/1989,15.5800
05/04/1989,15.6400
06/04/1989,15.6400
07/04/1989,15.6700
10/04/1989,15.7100
11/04/1989,15.6900
12/04/1989,15.7400
13/04/1989,15.7100
14/04/1989,15.6900
17/04/1989,15.7100
18/04/1989,15.7000
19/04/1989,15.7200
20/04/1989,15.7200
21/04/1989,15.7000
24/04/1989,15.7600
25/04/1989,15.8000
26/04/1989,15.8600
27/04/1989,15.8400
28/04/1989,15.8600
01/05/1989,15.8600
02/05/1989,15.9200
03/05/1989,15.9400
04/05/1989,15.9300
05/05/1989,16.0200
08/05/1989,16.0200
09/05/1989,16.0500
10/05/1989,16.0500
11/05/1989,16.0900
12/05/1989,16.0400
15/05/1989,16.0600
16/05/1989,16.0500
17/05/1989,16.0900
18/05/1989,16.1200
19/05/1989,16.1200
22/05/1989,16.2800
23/05/1989,16.2400
24/05/1989,16.3100
25/05/1989,16.2600
26/05/1989,16.1800
29/05/1989,
30/05/1989,16.3300
31/05/1989,16.2800
01/06/1989,16.3200
02/06/1989,16.2800
05/06/1989,16.2900
06/06/1989,16.3500
07/06/1989,16.2900
08/06/1989,16.3400
09/06/1989,16.4200
12/06/1989,16.4900
13/06/1989,16.5000
14/06/1989,16.4900
15/06/1989,16.5100
16/06/1989,16.4300
19/06/1989,16.4200
20/06/1989,16.4200
21/06/1989,16.4700
22/06/1989,16.4300
23/06/1989,16.4600
26/06/1989,16.4900
27/06/1989,16.4400
28/06/1989,16.4700
29/06/1989,16.4300
30/06/1989,16.4900
03/07/1989,16.3600
04/07/1989,
05/07/1989,16.2900
06/07/1989,16.3000
07/07/1989,16.2400
10/07/1989,16.3200
11/07/1989,16.3300
12/07/1989,16.3900
13/07/1989,16.3800
14/07/1989,16.3800
17/07/1989,16.5000
18/07/1989,16.4400
19/07/1989,16.4900
20/07/1989,16.4900
21/07/1989,16.5200
24/07/1989,16.5700
25/07/1989,16.5500
26/07/1989,16.4700
27/07/1989,16.4100
28/07/1989,16.4500
31/07/1989,16.4400
01/08/1989,16.4600
02/08/1989,16.4300
03/08/1989,16.5000
04/08/1989,16.5700
07/08/1989,16.6200
08/08/1989,16.5600
09/08/1989,16.5700
10/08/1989,16.5700
11/08/1989,16.6300
14/08/1989,16.6500
15/08/1989,16.6200
16/08/1989,16.6200
17/08/1989,16.6800
18/08/1989,16.8000
21/08/1989,16.6200
22/08/1989,16.5500
23/08/1989,16.6200
24/08/1989,16.6200
25/08/1989,16.6400
28/08/1989,16.7000
29/08/1989,16.6700
30/08/1989,16.6600
31/08/1989,16.6500
01/09/1989,16.6900
04/09/1989,
05/09/1989,16.7400
06/09/1989,16.7200
07/09/1989,16.7600
08/09/1989,16.7400
11/09/1989,16.7700
12/09/1989,16.7400
13/09/1989,16.7000
14/09/1989,16.7700
15/09/1989,16.8200
18/09/1989,16.8000
19/09/1989,16.8000
20/09/1989,16.7700
21/09/1989,16.7700
22/09/1989,16.8000
25/09/1989,16.6900
26/09/1989,16.6900
27/09/1989,16.7000
28/09/1989,16.7400
29/09/1989,16.6900
02/10/1989,16.6700
03/10/1989,16.8600
04/10/1989,16.7800
05/10/1989,16.7700
06/10/1989,16.8000
09/10/1989,
10/10/1989,16.8500
11/10/1989,16.9000
12/10/1989,16.8600
13/10/1989,16.8600
16/10/1989,16.8000
17/10/1989,16.7800
18/10/1989,16.8000
19/10/1989,16.8100
20/10/1989,16.8100
23/10/1989,16.8200
24/10/1989,16.7700
25/10/1989,16.8100
26/10/1989,16.8200
27/10/1989,16.8500
30/10/1989,16.9000
31/10/1989,16.8800
01/11/1989,16.8900
02/11/1989,16.9100
03/11/1989,16.9100
06/11/1989,16.9100
07/11/1989,16.8800
08/11/1989,16.8800
09/11/1989,16.9000
10/11/1989,16.9300
13/11/1989,16.9300
14/11/1989,16.8900
15/11/1989,16.9200
16/11/1989,16.9000
17/11/1989,16.9200
20/11/1989,16.9500
21/11/1989,16.9200
22/11/1989,16.9100
23/11/1989,
24/11/1989,16.9200
27/11/1989,17.0300
28/11/1989,16.9800
29/11/1989,16.9800
30/11/1989,16.9600
01/12/1989,16.9700
04/12/1989,16.9800
05/12/1989,16.9600
06/12/1989,16.9500
07/12/1989,16.9400
08/12/1989,16.9400
11/12/1989,16.9300
12/12/1989,16.9300
13/12/1989,16.9200
14/12/1989,16.9300
15/12/1989,16.9200
18/12/1989,16.9400
19/12/1989,16.9300
20/12/1989,16.9400
21/12/1989,16.9300
22/12/1989,16.9000
25/12/1989,
26/12/1989,16.9000
27/12/1989,16.8800
28/12/1989,16.8900
29/12/1989,16.9600
01/01/1990,
02/01/1990,16.9600
03/01/1990,16.9900
04/01/1990,16.9400
05/01/1990,16.9300
08/01/1990,16.9300
09/01/1990,16.9300
10/01/1990,16.9200
11/01/1990,16.9300
12/01/1990,16.9400
15/01/1990,
16/01/1990,16.9700
17/01/1990,16.9700
18/01/1990,16.9800
19/01/1990,16.9700
22/01/1990,17.0300
23/01/1990,17.0000
24/01/1990,16.9800
25/01/1990,16.9900
26/01/1990,16.9700
29/01/1990,16.9700
30/01/1990,16.9600
31/01/1990,16.9700
01/02/1990,16.9600
02/02/1990,16.9600
05/02/1990,16.9500
06/02/1990,16.9500
07/02/1990,16.9500
08/02/1990,16.9600
09/02/1990,16.9600
12/02/1990,16.9900
13/02/1990,16.9800
14/02/1990,16.9700
15/02/1990,16.9700
16/02/1990,16.9600
19/02/1990,
20/02/1990,17.0000
21/02/1990,17.0300
22/02/1990,17.0000
23/02/1990,17.0200
26/02/1990,17.0500
27/02/1990,17.0700
28/02/1990,17.0700
01/03/1990,17.0700
02/03/1990,17.0800
05/03/1990,17.0500
06/03/1990,17.0700
07/03/1990,17.0500
08/03/1990,17.0600
09/03/1990,17.1000
12/03/1990,17.0900
13/03/1990,17.1000
14/03/1990,17.0900
15/03/1990,17.0700
16/03/1990,17.0800
19/03/1990,17.1100
20/03/1990,17.0900
21/03/1990,17.1300
22/03/1990,17.1600
23/03/1990,17.1600
26/03/1990,17.2200
27/03/1990,17.2100
28/03/1990,17.1800
29/03/1990,17.1700
30/03/1990,17.2200
02/04/1990,17.2300
03/04/1990,17.2400
04/04/1990,17.2300
05/04/1990,17.2400
06/04/1990,17.2400
09/04/1990,17.2400
10/04/1990,17.2800
11/04/1990,17.2500
12/04/1990,17.2500
13/04/1990,17.2500
16/04/1990,17.2500
17/04/1990,17.3300
18/04/1990,17.3000
19/04/1990,17.2900
20/04/1990,17.3400
23/04/1990,17.3600
24/04/1990,17.3500
25/04/1990,17.3400
26/04/1990,17.3900
27/04/1990,17.3900
30/04/1990,17.3900
01/05/1990,17.3800
02/05/1990,17.3900
03/05/1990,17.3700
04/05/1990,17.3300
07/05/1990,17.3300
08/05/1990,17.3500
09/05/1990,17.3200
10/05/1990,17.3000
11/05/1990,17.2900
14/05/1990,17.3100
15/05/1990,17.3100
16/05/1990,17.3100
17/05/1990,17.3300
18/05/1990,17.2500
21/05/1990,17.2900
22/05/1990,17.3000
23/05/1990,17.2900
24/05/1990,17.3100
25/05/1990,17.3000
28/05/1990,
29/05/1990,17.3700
30/05/1990,17.3500
31/05/1990,17.3600
01/06/1990,17.3800
04/06/1990,17.4400
05/06/1990,17.4200
06/06/1990,17.4000
07/06/1990,17.3800
08/06/1990,17.4400
11/06/1990,17.4600
12/06/1990,17.4200
13/06/1990,17.3800
14/06/1990,17.4200
15/06/1990,17.4300
18/06/1990,17.4200
19/06/1990,17.4200
20/06/1990,17.4200
21/06/1990,17.4200
22/06/1990,17.4500
25/06/1990,17.4400
26/06/1990,17.4000
27/06/1990,17.4200
28/06/1990,17.4500
29/06/1990,17.4300
02/07/1990,17.4500
03/07/1990,17.4500
04/07/1990,
05/07/1990,17.4200
06/07/1990,17.4200
09/07/1990,17.3800
10/07/1990,17.3600
11/07/1990,17.3900
12/07/1990,17.4700
13/07/1990,17.4200
16/07/1990,17.4500
17/07/1990,17.4400
18/07/1990,17.3900
19/07/1990,17.4200
20/07/1990,17.4000
23/07/1990,17.4200
24/07/1990,17.4200
25/07/1990,17.4200
26/07/1990,17.4300
27/07/1990,17.4000
30/07/1990,17.3500
31/07/1990,17.3500
01/08/1990,17.3700
02/08/1990,17.3800
03/08/1990,17.3500
06/08/1990,17.2800
07/08/1990,17.2900
08/08/1990,17.3400
09/08/1990,17.3500
10/08/1990,17.3900
13/08/1990,17.3500
14/08/1990,17.3400
15/08/1990,17.2800
16/08/1990,17.3700
17/08/1990,17.2600
20/08/1990,17.2800
21/08/1990,17.3200
22/08/1990,17.3200
23/08/1990,17.2700
24/08/1990,17.3000
27/08/1990,17.3900
28/08/1990,17.3600
29/08/1990,17.3800
30/08/1990,17.4800
31/08/1990,17.5200
03/09/1990,
04/09/1990,17.6400
05/09/1990,17.5400
06/09/1990,17.5600
07/09/1990,17.6800
10/09/1990,17.7600
11/09/1990,17.7700
12/09/1990,17.7600
13/09/1990,17.8000
14/09/1990,17.8500
17/09/1990,17.8600
18/09/1990,17.8300
19/09/1990,17.8500
20/09/1990,18.0000
21/09/1990,18.1200
24/09/1990,18.0600
25/09/1990,18.0800
26/09/1990,18.0900
27/09/1990,18.0800
28/09/1990,18.0000
01/10/1990,18.0600
02/10/1990,18.0800
03/10/1990,18.0100
04/10/1990,18.0700
05/10/1990,18.0700
08/10/1990,
09/10/1990,18.0400
10/10/1990,18.0500
11/10/1990,18.0000
12/10/1990,17.9900
15/10/1990,18.0000
16/10/1990,18.0500
17/10/1990,18.0700
18/10/1990,18.0800
19/10/1990,18.1000
22/10/1990,18.0800
23/10/1990,18.1000
24/10/1990,18.1200
25/10/1990,18.1000
26/10/1990,18.1000
29/10/1990,18.1500
30/10/1990,18.1400
31/10/1990,18.1600
01/11/1990,18.1000
02/11/1990,18.0800
05/11/1990,18.1000
06/11/1990,18.1000
07/11/1990,18.0900
08/11/1990,18.1300
09/11/1990,18.1300
12/11/1990,
13/11/1990,18.1400
14/11/1990,18.1000
15/11/1990,18.0800
16/11/1990,18.0900
19/11/1990,18.0700
20/11/1990,18.0700
21/11/1990,18.0200
22/11/1990,
23/11/1990,18.0500
26/11/1990,18.0800
27/11/1990,18.1000
28/11/1990,18.1300
29/11/1990,18.1200
30/11/1990,18.1700
03/12/1990,18.1600
04/12/1990,18.1100
05/12/1990,18.0900
06/12/1990,18.1200
07/12/1990,18.1000
10/12/1990,18.0900
11/12/1990,18.0800
12/12/1990,18.0600
13/12/1990,18.0900
14/12/1990,18.1100
17/12/1990,18.1400
18/12/1990,18.1500
19/12/1990,18.1600
20/12/1990,18.1800
21/12/1990,18.2000
24/12/1990,18.2000
25/12/1990,
26/12/1990,
27/12/1990,
28/12/1990,18.1200
31/12/1990,18.1300
01/01/1991,
02/01/1991,18.1000
03/01/1991,18.1200
04/01/1991,18.1300
07/01/1991,18.1700
08/01/1991,18.2200
09/01/1991,18.2000
10/01/1991,18.2400
11/01/1991,18.2900
14/01/1991,18.3400
15/01/1991,18.3900
16/01/1991,18.3800
17/01/1991,18.3700
18/01/1991,18.3700
21/01/1991,
22/01/1991,18.4100
23/01/1991,18.4200
24/01/1991,18.4200
25/01/1991,18.4000
28/01/1991,18.4500
29/01/1991,18.4900
30/01/1991,18.6000
31/01/1991,18.6100
01/02/1991,18.6000
04/02/1991,18.5900
05/02/1991,18.6000
06/02/1991,18.5800
07/02/1991,18.6900
08/02/1991,18.7600
11/02/1991,18.7100
12/02/1991,18.7200
13/02/1991,18.7500
14/02/1991,18.8300
15/02/1991,18.9000
18/02/1991,
19/02/1991,19.1000
20/02/1991,19.1000
21/02/1991,19.0800
22/02/1991,19.0500
25/02/1991,19.0800
26/02/1991,19.0600
27/02/1991,19.0800
28/02/1991,19.0600
01/03/1991,19.0800
04/03/1991,19.0600
05/03/1991,19.0400
06/03/1991,19.0300
07/03/1991,19.0400
08/03/1991,19.0900
11/03/1991,19.1100
12/03/1991,19.1000
13/03/1991,19.1200
14/03/1991,19.1400
15/03/1991,19.1600
18/03/1991,19.2300
19/03/1991,19.3000
20/03/1991,19.3500
21/03/1991,19.3000
22/03/1991,19.2100
25/03/1991,19.3800
26/03/1991,19.5900
27/03/1991,19.5900
28/03/1991,19.5700
29/03/1991,19.6100
01/04/1991,19.6100
02/04/1991,19.6600
03/04/1991,19.6200
04/04/1991,19.6800
05/04/1991,19.7000
08/04/1991,19.8200
09/04/1991,19.7300
10/04/1991,19.7500
11/04/1991,19.8000
12/04/1991,19.8000
15/04/1991,19.7700
16/04/1991,19.7300
17/04/1991,19.7200
18/04/1991,19.9000
19/04/1991,20.0700
22/04/1991,20.2500
23/04/1991,20.2300
24/04/1991,20.2000
25/04/1991,20.2500
26/04/1991,20.2300
29/04/1991,20.2400
30/04/1991,20.1800
01/05/1991,20.2000
02/05/1991,20.2100
03/05/1991,20.2100
06/05/1991,20.3500
07/05/1991,20.3800
08/05/1991,20.3500
09/05/1991,20.4600
10/05/1991,20.4600
13/05/1991,20.4800
14/05/1991,20.4800
15/05/1991,20.4400
16/05/1991,20.4800
17/05/1991,20.4900
20/05/1991,20.7000
21/05/1991,20.6500
22/05/1991,20.6600
23/05/1991,20.6700
24/05/1991,20.7000
27/05/1991,
28/05/1991,20.6900
29/05/1991,20.6900
30/05/1991,20.7700
31/05/1991,20.8900
03/06/1991,21.0000
04/06/1991,21.0000
05/06/1991,21.0100
06/06/1991,21.0000
07/06/1991,21.0600
10/06/1991,21.0100
11/06/1991,21.0300
12/06/1991,20.9400
13/06/1991,21.0000
14/06/1991,20.9900
17/06/1991,21.1600
18/06/1991,21.1600
19/06/1991,21.1400
20/06/1991,21.0900
21/06/1991,21.0800
24/06/1991,21.1500
25/06/1991,21.1200
26/06/1991,21.0900
27/06/1991,21.0800
28/06/1991,21.1300
01/07/1991,23.0900
02/07/1991,23.1200
03/07/1991,26.2800
04/07/1991,
05/07/1991,26.0700
08/07/1991,25.8600
09/07/1991,25.8600
10/07/1991,25.9200
11/07/1991,25.8900
12/07/1991,25.8800
15/07/1991,25.9000
16/07/1991,25.9600
17/07/1991,25.9600
18/07/1991,25.8700
19/07/1991,25.8700
22/07/1991,25.7700
23/07/1991,25.7800
24/07/1991,25.7500
25/07/1991,25.6900
26/07/1991,25.7200
29/07/1991,25.7600
30/07/1991,25.7200
31/07/1991,25.7600
01/08/1991,25.7400
02/08/1991,25.9000
05/08/1991,25.7200
06/08/1991,25.5700
07/08/1991,25.6400
08/08/1991,25.5700
09/08/1991,25.7400
12/08/1991,25.8900
13/08/1991,25.8200
14/08/1991,26.0200
15/08/1991,25.9900
16/08/1991,25.9600
19/08/1991,26.0000
20/08/1991,26.0000
21/08/1991,25.9400
22/08/1991,25.9500
23/08/1991,25.9400
26/08/1991,
27/08/1991,25.9400
28/08/1991,25.8700
29/08/1991,25.7400
30/08/1991,25.8200
02/09/1991,
03/09/1991,25.8300
04/09/1991,25.7600
05/09/1991,25.7900
06/09/1991,25.8200
09/09/1991,25.7900
10/09/1991,25.7700
11/09/1991,25.7900
12/09/1991,25.7800
13/09/1991,25.8000
16/09/1991,25.8500
17/09/1991,25.9600
18/09/1991,25.8900
19/09/1991,25.8900
20/09/1991,25.9200
23/09/1991,25.8900
24/09/1991,25.8700
25/09/1991,25.8300
26/09/1991,25.8000
27/09/1991,25.8700
30/09/1991,25.7700
01/10/1991,25.7700
02/10/1991,25.7400
03/10/1991,25.7600
04/10/1991,25.7200
07/10/1991,25.7500
08/10/1991,25.8300
09/10/1991,25.8000
10/10/1991,25.8000
11/10/1991,25.7800
14/10/1991,
15/10/1991,25.8200
16/10/1991,25.8200
17/10/1991,25.8000
18/10/1991,25.8000
21/10/1991,25.8000
22/10/1991,25.8400
23/10/1991,25.8000
24/10/1991,25.7900
25/10/1991,25.7900
28/10/1991,25.8000
29/10/1991,25.7900
30/10/1991,25.9000
31/10/1991,25.8400
01/11/1991,25.8500
04/11/1991,25.8000
05/11/1991,25.7900
06/11/1991,25.7900
07/11/1991,25.8200
08/11/1991,25.8400
11/11/1991,
12/11/1991,25.8000
13/11/1991,25.8000
14/11/1991,25.8000
15/11/1991,25.8000
18/11/1991,25.7900
19/11/1991,25.8000
20/11/1991,25.7900
21/11/1991,25.7800
22/11/1991,25.8000
25/11/1991,25.7700
26/11/1991,25.8000
27/11/1991,25.8200
28/11/1991,
29/11/1991,25.8000
02/12/1991,25.7800
03/12/1991,25.8000
04/12/1991,25.7900
05/12/1991,25.8100
06/12/1991,25.8600
09/12/1991,25.8300
10/12/1991,25.8600
11/12/1991,25.8600
12/12/1991,25.8600
13/12/1991,25.8300
16/12/1991,25.8400
17/12/1991,25.8300
18/12/1991,25.8100
19/12/1991,25.7900
20/12/1991,25.7900
23/12/1991,25.8200
24/12/1991,25.8500
25/12/1991,
26/12/1991,
27/12/1991,25.8000
30/12/1991,25.7900
31/12/1991,25.7600
01/01/1992,
02/01/1992,25.7900
03/01/1992,25.8100
06/01/1992,25.7900
07/01/1992,25.7900
08/01/1992,25.7900
09/01/1992,25.8200
10/01/1992,25.8100
13/01/1992,25.8000
14/01/1992,25.8100
15/01/1992,25.8600
16/01/1992,25.8400
17/01/1992,25.9400
20/01/1992,
21/01/1992,25.8800
22/01/1992,25.8600
23/01/1992,25.8800
24/01/1992,25.9800
27/01/1992,25.9500
28/01/1992,25.9400
29/01/1992,25.9200
30/01/1992,25.9100
31/01/1992,25.9500
03/02/1992,25.8400
04/02/1992,25.8100
05/02/1992,25.8000
06/02/1992,25.8000
07/02/1992,25.8000
10/02/1992,25.8200
11/02/1992,25.9100
12/02/1992,25.9400
13/02/1992,25.9200
14/02/1992,25.9000
17/02/1992,
18/02/1992,25.9100
19/02/1992,27.0000
20/02/1992,26.5500
21/02/1992,26.4000
24/02/1992,25.9000
25/02/1992,25.8500
26/02/1992,25.7500
27/02/1992,25.7500
28/02/1992,26.2000
02/03/1992,26.3000
03/03/1992,27.9000
04/03/1992,27.9000
05/03/1992,28.0500
06/03/1992,27.9000
09/03/1992,27.9500
10/03/1992,27.8000
11/03/1992,27.8500
12/03/1992,28.1000
13/03/1992,28.2000
16/03/1992,28.5800
17/03/1992,28.4800
18/03/1992,28.6000
19/03/1992,28.6000
20/03/1992,28.7500
23/03/1992,29.2500
24/03/1992,29.2500
25/03/1992,29.0000
26/03/1992,29.0000
27/03/1992,29.0500
30/03/1992,28.7000
31/03/1992,29.1000
01/04/1992,29.0000
02/04/1992,28.9500
03/04/1992,29.0000
06/04/1992,29.0000
07/04/1992,28.9000
08/04/1992,29.0500
09/04/1992,29.0000
10/04/1992,29.0000
13/04/1992,29.0500
14/04/1992,28.9500
15/04/1992,28.9700
16/04/1992,28.9800
17/04/1992,28.9900
20/04/1992,
21/04/1992,28.7000
22/04/1992,28.8500
23/04/1992,28.7800
24/04/1992,28.7500
27/04/1992,28.8000
28/04/1992,28.7000
29/04/1992,28.7000
30/04/1992,28.7000
01/05/1992,28.4000
04/05/1992,28.6000
05/05/1992,28.7000
06/05/1992,28.7000
07/05/1992,28.7000
08/05/1992,28.7000
11/05/1992,28.3500
12/05/1992,28.4500
13/05/1992,28.3500
14/05/1992,28.3000
15/05/1992,28.4000
18/05/1992,28.4500
19/05/1992,28.2000
20/05/1992,28.2500
21/05/1992,28.5300
22/05/1992,28.6500
25/05/1992,
26/05/1992,28.7800
27/05/1992,28.8200
28/05/1992,28.7500
29/05/1992,28.7500
01/06/1992,28.7000
02/06/1992,28.6500
03/06/1992,28.7000
04/06/1992,28.7000
05/06/1992,28.6800
08/06/1992,28.7000
09/06/1992,28.4500
10/06/1992,28.4500
11/06/1992,28.4500
12/06/1992,28.4500
15/06/1992,28.4500
16/06/1992,28.4500
17/06/1992,28.4500
18/06/1992,28.4500
19/06/1992,28.3800
22/06/1992,28.3000
23/06/1992,28.3500
24/06/1992,28.3000
25/06/1992,28.4000
26/06/1992,28.4500
29/06/1992,28.8000
30/06/1992,28.7000
01/07/1992,28.6500
02/07/1992,28.5500
03/07/1992,28.5000
06/07/1992,28.5800
07/07/1992,28.6000
08/07/1992,28.6500
09/07/1992,28.6500
10/07/1992,28.6500
13/07/1992,28.6500
14/07/1992,28.6500
15/07/1992,28.6500
16/07/1992,28.6500
17/07/1992,28.5500
20/07/1992,28.5500
21/07/1992,28.5500
22/07/1992,28.5000
23/07/1992,28.4500
24/07/1992,28.5200
27/07/1992,28.5000
28/07/1992,28.4800
29/07/1992,28.4800
30/07/1992,28.4800
31/07/1992,28.4800
03/08/1992,28.4500
04/08/1992,28.4500
05/08/1992,28.4500
06/08/1992,28.4200
07/08/1992,28.4200
10/08/1992,28.4200
11/08/1992,28.4500
12/08/1992,28.4000
13/08/1992,28.4500
14/08/1992,28.4500
17/08/1992,28.4500
18/08/1992,28.4500
19/08/1992,28.4800
20/08/1992,28.4800
21/08/1992,28.4800
24/08/1992,28.4800
25/08/1992,28.4800
26/08/1992,28.4800
27/08/1992,28.5000
28/08/1992,28.6300
31/08/1992,
01/09/1992,28.4800
02/09/1992,28.4800
03/09/1992,28.4800
04/09/1992,28.4800
07/09/1992,
08/09/1992,28.4800
09/09/1992,28.4800
10/09/1992,28.4500
11/09/1992,28.4500
14/09/1992,28.4800
15/09/1992,28.4800
16/09/1992,28.4800
17/09/1992,28.4800
18/09/1992,28.4800
21/09/1992,28.4800
22/09/1992,28.4800
23/09/1992,28.4800
24/09/1992,28.4800
25/09/1992,28.4800
28/09/1992,28.4800
29/09/1992,28.4500
30/09/1992,28.4800
01/10/1992,28.4800
02/10/1992,28.4800
05/10/1992,28.4800
06/10/1992,28.4500
07/10/1992,28.4500
08/10/1992,28.4500
09/10/1992,28.4500
12/10/1992,
13/10/1992,28.4500
14/10/1992,28.4500
15/10/1992,28.4500
16/10/1992,28.4800
19/10/1992,28.5000
20/10/1992,28.5000
21/10/1992,28.4800
22/10/1992,28.4800
23/10/1992,28.5800
26/10/1992,28.4800
27/10/1992,28.4800
28/10/1992,28.4800
29/10/1992,28.4800
30/10/1992,28.4800
02/11/1992,28.4800
03/11/1992,28.4500
04/11/1992,28.4500
05/11/1992,28.4500
06/11/1992,28.4500
09/11/1992,28.4800
10/11/1992,28.4700
11/11/1992,
12/11/1992,28.4500
13/11/1992,28.4500
16/11/1992,28.4500
17/11/1992,28.4800
18/11/1992,28.4800
19/11/1992,28.4800
20/11/1992,28.4800
23/11/1992,28.4800
24/11/1992,28.4500
25/11/1992,28.5000
26/11/1992,
27/11/1992,28.5300
30/11/1992,28.5400
01/12/1992,28.6000
02/12/1992,28.7500
03/12/1992,28.7500
04/12/1992,28.9500
07/12/1992,29.0500
08/12/1992,29.0500
09/12/1992,29.0800
10/12/1992,29.1000
11/12/1992,29.1600
14/12/1992,29.0600
15/12/1992,29.0000
16/12/1992,29.0000
17/12/1992,28.9800
18/12/1992,29.0000
21/12/1992,29.0000
22/12/1992,29.0000
23/12/1992,29.0000
24/12/1992,29.0000
25/12/1992,
28/12/1992,29.0000
29/12/1992,29.0000
30/12/1992,29.0000
31/12/1992,29.0000
01/01/1993,
04/01/1993,29.0000
05/01/1993,29.0000
06/01/1993,29.0000
07/01/1993,29.0000
08/01/1993,29.0000
11/01/1993,29.0200
12/01/1993,29.0000
13/01/1993,29.0000
14/01/1993,29.0000
15/01/1993,29.0000
18/01/1993,
19/01/1993,29.0000
20/01/1993,29.0000
21/01/1993,29.0000
22/01/1993,29.0000
25/01/1993,29.0500
26/01/1993,29.0500
27/01/1993,29.2000
28/01/1993,29.3000
29/01/1993,29.2000
01/02/1993,29.3500
02/02/1993,29.3500
03/02/1993,29.5500
04/02/1993,29.6000
05/02/1993,29.9000
08/02/1993,29.9000
09/02/1993,30.0500
10/02/1993,30.2000
11/02/1993,30.5000
12/02/1993,30.4000
15/02/1993,
16/02/1993,30.2000
17/02/1993,30.0500
18/02/1993,30.1800
19/02/1993,30.1800
22/02/1993,30.2800
23/02/1993,30.2800
24/02/1993,30.1800
25/02/1993,30.3800
26/02/1993,30.2700
01/03/1993,33.5000
02/03/1993,32.8000
03/03/1993,32.3000
04/03/1993,32.3000
05/03/1993,32.1000
08/03/1993,32.0000
09/03/1993,31.8000
10/03/1993,31.8000
11/03/1993,31.9000
12/03/1993,31.8000
15/03/1993,31.8000
16/03/1993,31.9000
17/03/1993,31.8000
18/03/1993,31.8000
19/03/1993,31.7500
22/03/1993,31.7500
23/03/1993,31.7500
24/03/1993,31.7500
25/03/1993,31.7500
26/03/1993,31.7500
29/03/1993,31.5000
30/03/1993,31.5000
31/03/1993,31.5000
01/04/1993,31.5000
02/04/1993,31.6000
05/04/1993,31.6000
06/04/1993,31.6000
07/04/1993,31.6000
08/04/1993,31.6000
09/04/1993,31.6000
12/04/1993,
13/04/1993,31.6000
14/04/1993,31.7000
15/04/1993,31.6000
16/04/1993,31.6000
19/04/1993,31.6000
20/04/1993,31.6000
21/04/1993,31.6000
22/04/1993,31.6000
23/04/1993,31.6000
26/04/1993,31.6000
27/04/1993,31.6500
28/04/1993,31.6500
29/04/1993,31.6500
30/04/1993,31.6500
03/05/1993,31.6500
04/05/1993,31.6000
05/05/1993,31.6000
06/05/1993,31.6000
07/05/1993,31.6000
10/05/1993,31.6000
11/05/1993,31.6000
12/05/1993,31.6000
13/05/1993,31.6000
14/05/1993,31.6000
17/05/1993,31.6000
18/05/1993,31.6000
19/05/1993,31.6000
20/05/1993,31.6000
21/05/1993,31.6000
24/05/1993,31.6000
25/05/1993,31.6000
26/05/1993,31.6000
27/05/1993,31.7000
28/05/1993,31.7000
31/05/1993,
01/06/1993,31.7000
02/06/1993,31.7000
03/06/1993,31.7000
04/06/1993,31.7000
07/06/1993,31.7000
08/06/1993,31.7000
09/06/1993,31.7000
10/06/1993,31.7000
11/06/1993,31.7000
14/06/1993,31.7000
15/06/1993,31.7000
16/06/1993,31.7000
17/06/1993,31.7000
18/06/1993,31.7000
21/06/1993,31.7000
22/06/1993,31.6000
23/06/1993,31.6000
24/06/1993,31.6000
25/06/1993,31.6000
28/06/1993,31.6000
29/06/1993,31.6000
30/06/1993,31.6000
01/07/1993,31.6000
02/07/1993,31.6000
05/07/1993,
06/07/1993,31.6000
07/07/1993,31.6000
08/07/1993,31.6000
09/07/1993,31.6000
12/07/1993,31.6000
13/07/1993,31.6000
14/07/1993,31.6000
15/07/1993,31.6000
16/07/1993,31.6000
19/07/1993,31.6000
20/07/1993,31.6000
21/07/1993,31.6000
22/07/1993,31.6000
23/07/1993,31.6000
26/07/1993,31.6000
27/07/1993,31.6000
28/07/1993,31.6000
29/07/1993,31.6000
30/07/1993,31.6000
02/08/1993,31.6000
03/08/1993,31.6000
04/08/1993,31.6000
05/08/1993,31.6000
06/08/1993,31.6000
09/08/1993,31.6000
10/08/1993,31.6000
11/08/1993,31.6000
12/08/1993,31.6300
13/08/1993,31.6300
16/08/1993,31.6300
17/08/1993,31.6300
18/08/1993,31.6300
19/08/1993,31.6300
20/08/1993,31.6300
23/08/1993,31.4800
24/08/1993,31.6300
25/08/1993,31.6300
26/08/1993,31.6300
27/08/1993,31.6300
30/08/1993,31.6300
31/08/1993,31.6300
01/09/1993,31.6300
02/09/1993,31.6300
03/09/1993,31.6300
06/09/1993,
07/09/1993,31.6300
08/09/1993,31.6300
09/09/1993,31.6300
10/09/1993,31.6300
13/09/1993,31.6300
14/09/1993,31.6300
15/09/1993,31.6300
16/09/1993,31.5300
17/09/1993,31.5300
20/09/1993,31.5300
21/09/1993,31.5300
22/09/1993,31.5300
23/09/1993,31.5300
24/09/1993,31.5300
27/09/1993,31.5300
28/09/1993,31.5300
29/09/1993,31.5300
30/09/1993,31.5300
01/10/1993,31.5300
04/10/1993,31.5300
05/10/1993,31.5300
06/10/1993,31.5300
07/10/1993,31.5300
08/10/1993,31.5300
11/10/1993,
12/10/1993,31.5300
13/10/1993,31.5300
14/10/1993,31.5300
15/10/1993,31.5300
18/10/1993,31.5300
19/10/1993,31.5300
20/10/1993,31.5300
21/10/1993,31.5300
22/10/1993,31.5300
25/10/1993,31.4300
26/10/1993,31.4300
27/10/1993,31.4300
28/10/1993,31.4300
29/10/1993,31.4300
01/11/1993,31.4300
02/11/1993,31.4300
03/11/1993,31.4300
04/11/1993,31.4300
05/11/1993,31.4300
08/11/1993,31.4300
09/11/1993,31.4300
10/11/1993,31.4300
11/11/1993,
12/11/1993,31.4300
15/11/1993,31.4300
16/11/1993,31.4300
17/11/1993,31.4300
18/11/1993,31.4300
19/11/1993,31.4400
22/11/1993,31.4400
23/11/1993,31.4400
24/11/1993,31.4400
25/11/1993,
26/11/1993,31.4400
29/11/1993,31.4400
30/11/1993,31.4400
01/12/1993,31.4400
02/12/1993,31.4400
03/12/1993,31.4400
06/12/1993,31.4400
07/12/1993,31.4400
08/12/1993,31.4400
09/12/1993,31.4400
10/12/1993,31.4400
13/12/1993,31.4400
14/12/1993,31.4400
15/12/1993,31.4400
16/12/1993,31.4400
17/12/1993,31.4400
20/12/1993,31.4400
21/12/1993,31.4400
22/12/1993,31.4400
23/12/1993,31.4400
24/12/1993,31.4400
27/12/1993,31.4400
28/12/1993,31.4400
29/12/1993,31.4400
30/12/1993,31.4400
31/12/1993,31.4400
03/01/1994,31.4400
04/01/1994,31.4400
05/01/1994,31.4400
06/01/1994,31.4400
07/01/1994,31.4400
10/01/1994,31.4400
11/01/1994,31.4400
12/01/1994,31.4400
13/01/1994,31.4400
14/01/1994,31.4400
17/01/1994,
18/01/1994,31.4400
19/01/1994,31.4400
20/01/1994,31.4400
21/01/1994,31.4400
24/01/1994,31.4400
25/01/1994,31.4400
26/01/1994,31.4400
27/01/1994,31.4400
28/01/1994,31.4400
31/01/1994,31.4400
01/02/1994,31.4400
02/02/1994,31.4400
03/02/1994,31.4400
04/02/1994,31.4400
07/02/1994,31.4400
08/02/1994,31.4400
09/02/1994,31.4400
10/02/1994,31.4400
11/02/1994,31.4400
14/02/1994,31.4400
15/02/1994,31.4400
16/02/1994,31.4400
17/02/1994,31.4400
18/02/1994,31.3700
21/02/1994,
22/02/1994,31.4400
23/02/1994,31.4400
24/02/1994,31.7500
25/02/1994,31.4400
28/02/1994,31.3700
01/03/1994,31.7200
02/03/1994,31.4000
03/03/1994,31.4400
04/03/1994,31.4000
07/03/1994,31.3800
08/03/1994,31.4400
09/03/1994,31.4400
10/03/1994,31.3725
11/03/1994,31.4400
14/03/1994,31.4400
15/03/1994,31.3700
16/03/1994,31.3750
17/03/1994,31.3700
18/03/1994,31.4300
21/03/1994,31.3800
22/03/1994,31.4000
23/03/1994,31.4200
24/03/1994,31.4200
25/03/1994,31.3700
28/03/1994,31.3700
29/03/1994,31.3700
30/03/1994,31.4200
31/03/1994,31.3700
01/04/1994,31.4200
04/04/1994,31.4200
05/04/1994,31.3700
06/04/1994,31.3700
07/04/1994,31.3700
08/04/1994,31.3700
11/04/1994,31.4200
12/04/1994,31.4200
13/04/1994,31.4200
14/04/1994,31.4200
15/04/1994,31.3700
18/04/1994,31.3700
19/04/1994,31.3700
20/04/1994,31.4200
21/04/1994,31.3700
22/04/1994,31.3700
25/04/1994,31.4200
26/04/1994,31.3700
27/04/1994,31.4200
28/04/1994,31.3700
29/04/1994,31.3700
02/05/1994,31.3800
03/05/1994,31.3700
04/05/1994,31.3700
05/05/1994,31.3700
06/05/1994,31.3800
09/05/1994,31.3700
10/05/1994,31.3700
11/05/1994,31.3700
12/05/1994,31.3725
13/05/1994,31.3700
16/05/1994,31.3800
17/05/1994,31.3725
18/05/1994,31.3750
19/05/1994,31.4200
20/05/1994,31.3725
23/05/1994,31.3725
24/05/1994,31.3750
25/05/1994,31.3725
26/05/1994,31.3725
27/05/1994,31.3750
30/05/1994,
31/05/1994,31.3725
01/06/1994,31.3800
02/06/1994,31.3725
03/06/1994,31.6600
06/06/1994,31.3700
07/06/1994,31.3725
08/06/1994,31.3700
09/06/1994,31.3725
10/06/1994,31.3700
13/06/1994,31.3725
14/06/1994,31.3725
15/06/1994,31.3700
16/06/1994,31.3700
17/06/1994,31.3700
20/06/1994,31.3700
21/06/1994,31.3725
22/06/1994,31.3700
23/06/1994,31.3725
24/06/1994,31.3700
27/06/1994,31.3700
28/06/1994,31.3700
29/06/1994,31.3725
30/06/1994,31.3700
01/07/1994,31.3725
04/07/1994,
05/07/1994,31.3725
06/07/1994,31.3825
07/07/1994,31.3775
08/07/1994,31.3750
11/07/1994,31.3750
12/07/1994,31.3700
13/07/1994,31.3700
14/07/1994,31.3725
15/07/1994,31.3675
18/07/1994,31.3700
19/07/1994,31.3725
20/07/1994,31.3725
21/07/1994,31.3775
22/07/1994,31.4500
25/07/1994,31.3700
26/07/1994,31.3700
27/07/1994,31.3675
28/07/1994,31.3700
29/07/1994,31.3725
01/08/1994,31.3725
02/08/1994,31.3725
03/08/1994,31.3750
04/08/1994,31.3750
05/08/1994,31.3750
08/08/1994,31.3700
09/08/1994,31.3725
10/08/1994,31.3725
11/08/1994,31.3700
12/08/1994,31.3725
15/08/1994,31.3750
16/08/1994,31.3725
17/08/1994,31.3700
18/08/1994,31.3725
19/08/1994,31.3750
22/08/1994,31.3675
23/08/1994,31.3675
24/08/1994,31.3775
25/08/1994,31.3725
26/08/1994,31.3725
29/08/1994,31.3775
30/08/1994,31.3725
31/08/1994,31.3725
01/09/1994,31.3750
02/09/1994,31.3725
05/09/1994,
06/09/1994,31.3725
07/09/1994,31.3750
08/09/1994,31.3725
09/09/1994,31.3750
12/09/1994,31.3725
13/09/1994,31.3725
14/09/1994,31.3725
15/09/1994,31.3750
16/09/1994,31.3700
19/09/1994,31.3725
20/09/1994,31.3700
21/09/1994,31.3750
22/09/1994,31.3750
23/09/1994,31.3725
26/09/1994,31.3700
27/09/1994,31.3725
28/09/1994,31.3700
29/09/1994,31.3675
30/09/1994,31.3675
03/10/1994,31.3700
04/10/1994,31.3750
05/10/1994,31.3700
06/10/1994,31.3750
07/10/1994,31.3725
10/10/1994,
11/10/1994,31.3700
12/10/1994,31.3700
13/10/1994,31.3700
14/10/1994,31.3725
17/10/1994,31.3700
18/10/1994,31.3725
19/10/1994,31.3725
20/10/1994,31.3725
21/10/1994,31.3725
24/10/1994,31.3700
25/10/1994,31.3700
26/10/1994,31.3725
27/10/1994,31.3850
28/10/1994,31.3700
31/10/1994,31.3800
01/11/1994,31.3900
02/11/1994,31.4300
03/11/1994,31.4050
04/11/1994,31.4100
07/11/1994,31.4350
08/11/1994,31.4200
09/11/1994,31.4250
10/11/1994,31.4350
11/11/1994,
14/11/1994,31.3850
15/11/1994,31.3750
16/11/1994,31.3725
17/11/1994,31.3725
18/11/1994,31.3725
21/11/1994,31.3700
22/11/1994,31.3675
23/11/1994,31.3725
24/11/1994,
25/11/1994,31.3775
28/11/1994,31.3750
29/11/1994,31.3900
30/11/1994,31.4000
01/12/1994,31.4225
02/12/1994,31.3900
05/12/1994,31.3950
06/12/1994,31.3850
07/12/1994,31.3750
08/12/1994,31.3725
09/12/1994,31.3725
12/12/1994,31.3725
13/12/1994,31.3725
14/12/1994,31.3700
15/12/1994,31.3725
16/12/1994,31.3750
19/12/1994,31.4050
20/12/1994,31.4100
21/12/1994,31.4025
22/12/1994,31.4050
23/12/1994,31.3925
26/12/1994,
27/12/1994,31.4125
28/12/1994,31.4100
29/12/1994,31.3925
30/12/1994,31.3725
02/01/1995,
03/01/1995,31.3725
04/01/1995,31.3700
05/01/1995,31.3675
06/01/1995,31.3700
09/01/1995,31.3725
10/01/1995,31.3700
11/01/1995,31.3675
12/01/1995,31.3700
13/01/1995,31.3675
16/01/1995,
17/01/1995,31.3750
18/01/1995,31.3700
19/01/1995,31.3725
20/01/1995,31.3725
23/01/1995,31.3750
24/01/1995,31.3775
25/01/1995,31.3900
26/01/1995,31.3750
27/01/1995,31.3800
30/01/1995,31.3800
31/01/1995,31.3775
01/02/1995,31.3725
02/02/1995,31.3750
03/02/1995,31.3825
06/02/1995,31.3700
07/02/1995,31.3725
08/02/1995,31.3675
09/02/1995,31.3750
10/02/1995,31.3750
13/02/1995,31.3725
14/02/1995,31.3700
15/02/1995,31.3750
16/02/1995,31.3650
17/02/1995,31.3700
20/02/1995,
21/02/1995,31.3875
22/02/1995,31.3775
23/02/1995,31.3825
24/02/1995,31.4000
27/02/1995,31.3950
28/02/1995,31.4250
01/03/1995,31.4150
02/03/1995,31.4850
03/03/1995,31.3650
06/03/1995,31.8300
07/03/1995,31.9000
08/03/1995,31.8100
09/03/1995,31.6850
10/03/1995,31.7800
13/03/1995,31.8005
14/03/1995,31.8350
15/03/1995,31.3850
16/03/1995,31.4550
17/03/1995,31.4050
20/03/1995,31.5000
21/03/1995,31.5050
22/03/1995,31.5650
23/03/1995,31.6000
24/03/1995,31.6200
27/03/1995,31.6150
28/03/1995,31.5500
29/03/1995,31.5000
30/03/1995,31.4550
31/03/1995,31.4300
03/04/1995,31.4700
04/04/1995,31.4100
05/04/1995,31.4450
06/04/1995,31.4300
07/04/1995,31.4100
10/04/1995,31.4000
11/04/1995,31.4000
12/04/1995,31.3900
13/04/1995,31.3600
14/04/1995,31.3600
17/04/1995,31.4100
18/04/1995,31.3950
19/04/1995,31.4000
20/04/1995,31.4400
21/04/1995,31.4250
24/04/1995,31.4000
25/04/1995,31.3800
26/04/1995,31.3800
27/04/1995,31.3900
28/04/1995,31.4500
01/05/1995,31.4400
02/05/1995,31.4320
03/05/1995,31.4300
04/05/1995,31.4200
05/05/1995,31.4200
08/05/1995,31.4000
09/05/1995,31.3900
10/05/1995,31.4350
11/05/1995,31.3800
12/05/1995,31.4400
15/05/1995,31.4500
16/05/1995,31.4500
17/05/1995,31.4400
18/05/1995,31.4400
19/05/1995,31.4200
22/05/1995,31.4070
23/05/1995,31.3870
24/05/1995,31.4000
25/05/1995,31.4100
26/05/1995,31.4000
29/05/1995,
30/05/1995,31.3725
31/05/1995,31.4300
01/06/1995,31.4200
02/06/1995,31.4400
05/06/1995,31.4000
06/06/1995,31.4000
07/06/1995,31.4120
08/06/1995,31.4100
09/06/1995,31.4200
12/06/1995,31.4200
13/06/1995,31.4000
14/06/1995,31.4000
15/06/1995,31.4000
16/06/1995,31.4000
19/06/1995,31.4000
20/06/1995,31.4000
21/06/1995,31.3900
22/06/1995,31.3800
23/06/1995,31.3900
26/06/1995,31.3770
27/06/1995,31.3750
28/06/1995,31.4070
29/06/1995,31.4300
30/06/1995,31.4100
03/07/1995,31.4100
04/07/1995,
05/07/1995,31.3800
06/07/1995,31.3800
07/07/1995,31.3900
10/07/1995,31.3720
11/07/1995,31.4020
12/07/1995,31.3700
13/07/1995,31.3720
14/07/1995,31.3700
17/07/1995,31.3800
18/07/1995,31.3800
19/07/1995,31.3900
20/07/1995,31.3800
21/07/1995,31.3700
24/07/1995,31.3800
25/07/1995,31.3770
26/07/1995,31.3900
27/07/1995,31.3870
28/07/1995,31.3950
31/07/1995,31.4300
01/08/1995,31.4200
02/08/1995,31.4200
03/08/1995,31.4170
04/08/1995,31.4200
07/08/1995,31.4400
08/08/1995,31.4500
09/08/1995,31.4700
10/08/1995,31.4500
11/08/1995,31.4570
14/08/1995,31.4950
15/08/1995,31.4900
16/08/1995,31.6200
17/08/1995,31.5950
18/08/1995,31.5900
21/08/1995,31.6200
22/08/1995,31.6300
23/08/1995,31.7000
24/08/1995,31.8200
25/08/1995,31.7200
28/08/1995,31.8500
29/08/1995,31.8500
30/08/1995,31.8300
31/08/1995,31.8700
01/09/1995,31.9250
04/09/1995,
05/09/1995,32.4000
06/09/1995,32.2900
07/09/1995,32.2100
08/09/1995,32.2600
11/09/1995,32.4700
12/09/1995,32.7100
13/09/1995,32.8900
14/09/1995,34.0500
15/09/1995,33.9000
18/09/1995,33.7800
19/09/1995,33.8900
20/09/1995,33.8400
21/09/1995,34.0000
22/09/1995,33.8200
25/09/1995,34.0000
26/09/1995,33.9200
27/09/1995,33.9100
28/09/1995,33.9900
29/09/1995,33.9400
02/10/1995,33.9200
03/10/1995,33.9000
04/10/1995,33.8200
05/10/1995,33.9100
06/10/1995,33.9100
09/10/1995,
10/10/1995,33.8900
11/10/1995,33.8700
12/10/1995,33.9650
13/10/1995,34.3500
16/10/1995,34.6000
17/10/1995,34.8500
18/10/1995,34.9100
19/10/1995,35.0900
20/10/1995,35.6500
23/10/1995,35.6500
24/10/1995,35.6000
25/10/1995,35.6000
26/10/1995,35.6000
27/10/1995,35.5000
30/10/1995,34.9000
31/10/1995,34.3000
01/11/1995,34.6000
02/11/1995,34.5000
03/11/1995,34.7000
06/11/1995,34.7700
07/11/1995,34.6100
08/11/1995,34.3500
09/11/1995,34.5300
10/11/1995,34.5600
13/11/1995,34.5700
14/11/1995,34.5900
15/11/1995,34.5800
16/11/1995,34.8100
17/11/1995,34.7100
20/11/1995,34.8200
21/11/1995,34.8200
22/11/1995,34.8300
23/11/1995,
24/11/1995,34.8800
27/11/1995,34.9300
28/11/1995,34.9300
29/11/1995,34.9100
30/11/1995,34.9100
01/12/1995,34.9300
04/12/1995,34.9200
05/12/1995,34.8700
06/12/1995,34.8400
07/12/1995,34.8400
08/12/1995,34.9300
11/12/1995,34.8400
12/12/1995,34.8800
13/12/1995,34.9600
14/12/1995,34.9750
15/12/1995,34.9700
18/12/1995,34.9900
19/12/1995,34.9800
20/12/1995,34.9800
21/12/1995,35.0300
22/12/1995,34.9900
25/12/1995,
26/12/1995,35.0100
27/12/1995,35.0700
28/12/1995,35.1400
29/12/1995,35.1800
01/01/1996,
02/01/1996,35.2100
03/01/1996,35.2200
04/01/1996,35.3200
05/01/1996,35.4400
08/01/1996,35.8500
09/01/1996,35.8700
10/01/1996,35.8000
11/01/1996,35.8100
12/01/1996,35.7800
15/01/1996,
16/01/1996,35.9100
17/01/1996,35.8600
18/01/1996,35.8950
19/01/1996,35.9100
22/01/1996,35.8500
23/01/1996,35.7600
24/01/1996,35.8400
25/01/1996,36.0600
26/01/1996,36.0700
29/01/1996,35.9900
30/01/1996,36.1400
31/01/1996,36.4600
01/02/1996,36.6100
02/02/1996,36.8000
05/02/1996,38.0500
06/02/1996,37.7500
07/02/1996,37.3000
08/02/1996,37.2000
09/02/1996,36.9500
12/02/1996,36.9700
13/02/1996,36.7600
14/02/1996,36.5200
15/02/1996,36.5300
16/02/1996,36.5500
19/02/1996,
20/02/1996,36.5600
21/02/1996,36.6300
22/02/1996,36.8000
23/02/1996,36.2800
26/02/1996,35.9200
27/02/1996,35.5700
28/02/1996,35.2900
29/02/1996,34.8500
01/03/1996,34.6000
04/03/1996,34.5500
05/03/1996,34.3000
06/03/1996,34.1200
07/03/1996,34.2500
08/03/1996,34.2000
11/03/1996,34.2500
12/03/1996,34.1300
13/03/1996,34.2100
14/03/1996,34.1500
15/03/1996,34.4800
18/03/1996,35.2000
19/03/1996,35.3500
20/03/1996,35.5000
21/03/1996,35.0000
22/03/1996,34.6000
25/03/1996,34.1000
26/03/1996,34.1000
27/03/1996,34.5500
28/03/1996,34.2000
29/03/1996,34.3500
01/04/1996,34.2500
02/04/1996,34.3500
03/04/1996,34.2000
04/04/1996,34.5000
05/04/1996,34.2000
08/04/1996,34.1500
09/04/1996,34.1500
10/04/1996,34.2500
11/04/1996,34.3000
12/04/1996,34.2500
15/04/1996,34.5000
16/04/1996,34.4000
17/04/1996,34.2500
18/04/1996,34.3000
19/04/1996,34.2500
22/04/1996,34.2000
23/04/1996,34.3000
24/04/1996,34.2500
25/04/1996,34.3500
26/04/1996,34.3500
29/04/1996,34.2800
30/04/1996,35.0000
01/05/1996,34.8000
02/05/1996,34.7500
03/05/1996,34.6500
06/05/1996,34.6500
07/05/1996,34.4500
08/05/1996,34.7000
09/05/1996,35.2000
10/05/1996,35.3500
13/05/1996,35.4000
14/05/1996,35.0000
15/05/1996,34.9000
16/05/1996,35.0000
17/05/1996,35.1000
20/05/1996,35.1000
21/05/1996,35.2000
22/05/1996,35.0500
23/05/1996,35.1000
24/05/1996,35.2500
27/05/1996,
28/05/1996,35.1800
29/05/1996,35.2500
30/05/1996,35.2400
31/05/1996,35.2300
03/06/1996,35.1000
04/06/1996,35.1000
05/06/1996,35.0600
06/06/1996,35.0000
07/06/1996,35.0000
10/06/1996,35.0000
11/06/1996,35.0500
12/06/1996,35.0500
13/06/1996,35.1000
14/06/1996,35.1000
17/06/1996,35.1000
18/06/1996,35.1500
19/06/1996,35.1000
20/06/1996,35.1000
21/06/1996,35.0500
24/06/1996,35.1000
25/06/1996,35.1000
26/06/1996,35.1000
27/06/1996,35.2000
28/06/1996,35.4300
01/07/1996,35.1000
02/07/1996,35.1500
03/07/1996,35.1500
04/07/1996,
05/07/1996,35.2000
08/07/1996,35.4500
09/07/1996,35.4000
10/07/1996,35.4500
11/07/1996,35.6000
12/07/1996,35.6000
15/07/1996,35.7000
16/07/1996,35.9500
17/07/1996,36.0000
18/07/1996,35.8300
19/07/1996,35.8000
22/07/1996,35.7500
23/07/1996,35.8000
24/07/1996,35.7500
25/07/1996,35.8500
26/07/1996,35.8000
29/07/1996,35.8000
30/07/1996,36.8500
31/07/1996,35.7000
01/08/1996,35.6500
02/08/1996,35.5500
05/08/1996,35.8000
06/08/1996,35.8000
07/08/1996,35.8000
08/08/1996,35.9500
09/08/1996,35.9000
12/08/1996,35.8000
13/08/1996,35.8000
14/08/1996,35.8000
15/08/1996,35.8000
16/08/1996,35.8000
19/08/1996,35.8000
20/08/1996,35.8000
21/08/1996,35.7000
22/08/1996,35.8000
23/08/1996,35.8000
26/08/1996,35.8500
27/08/1996,35.8500
28/08/1996,35.8500
29/08/1996,35.8500
30/08/1996,35.8500
02/09/1996,
03/09/1996,35.7500
04/09/1996,35.9500
05/09/1996,35.9500
06/09/1996,35.8500
09/09/1996,35.8500
10/09/1996,35.8500
11/09/1996,35.8500
12/09/1996,35.9500
13/09/1996,35.8500
16/09/1996,35.9000
17/09/1996,35.9000
18/09/1996,35.9000
19/09/1996,35.8500
20/09/1996,35.9000
23/09/1996,35.8500
24/09/1996,35.8500
25/09/1996,35.8500
26/09/1996,35.8500
27/09/1996,35.8500
30/09/1996,35.8500
01/10/1996,35.8500
02/10/1996,35.8500
03/10/1996,35.8000
04/10/1996,35.8000
07/10/1996,35.8500
08/10/1996,35.8500
09/10/1996,35.8500
10/10/1996,35.8500
11/10/1996,35.7000
14/10/1996,
15/10/1996,35.7500
16/10/1996,35.7500
17/10/1996,35.8000
18/10/1996,35.7300
21/10/1996,35.8500
22/10/1996,35.8500
23/10/1996,35.6500
24/10/1996,35.7500
25/10/1996,35.7500
28/10/1996,35.8000
29/10/1996,35.8500
30/10/1996,35.8500
31/10/1996,35.9000
01/11/1996,35.8400
04/11/1996,35.7500
05/11/1996,35.7400
06/11/1996,35.8500
07/11/1996,35.8500
08/11/1996,36.1200
11/11/1996,
12/11/1996,35.9000
13/11/1996,35.9000
14/11/1996,36.0000
15/11/1996,35.9500
18/11/1996,35.8500
19/11/1996,35.7570
20/11/1996,35.7000
21/11/1996,35.7500
22/11/1996,35.7500
25/11/1996,35.8500
26/11/1996,35.9000
27/11/1996,35.7400
28/11/1996,
29/11/1996,35.7470
02/12/1996,35.8000
03/12/1996,35.7500
04/12/1996,35.8300
05/12/1996,35.8700
06/12/1996,35.9000
09/12/1996,35.9220
10/12/1996,35.9100
11/12/1996,35.9000
12/12/1996,35.9000
13/12/1996,35.9000
16/12/1996,35.8900
17/12/1996,35.8500
18/12/1996,35.9500
19/12/1996,35.9200
20/12/1996,35.8900
23/12/1996,35.8800
24/12/1996,35.8500
25/12/1996,
26/12/1996,35.8500
27/12/1996,35.8500
30/12/1996,35.9500
31/12/1996,35.9500
01/01/1997,
02/01/1997,36.0000
03/01/1997,35.9500
06/01/1997,35.9300
07/01/1997,35.9700
08/01/1997,35.9500
09/01/1997,35.8970
10/01/1997,35.9000
13/01/1997,35.9000
14/01/1997,35.9000
15/01/1997,35.8800
16/01/1997,35.8800
17/01/1997,35.8900
20/01/1997,
21/01/1997,35.9000
22/01/1997,35.9000
23/01/1997,35.8800
24/01/1997,35.8200
27/01/1997,35.9000
28/01/1997,35.9000
29/01/1997,35.9000
30/01/1997,35.8300
31/01/1997,35.9000
03/02/1997,35.8800
04/02/1997,35.8700
05/02/1997,35.8800
06/02/1997,35.9000
07/02/1997,35.8800
10/02/1997,35.8900
11/02/1997,35.8900
12/02/1997,35.8400
13/02/1997,35.9500
14/02/1997,35.8900
17/02/1997,
18/02/1997,35.9000
19/02/1997,35.9000
20/02/1997,35.8800
21/02/1997,35.9000
24/02/1997,35.9000
25/02/1997,35.9000
26/02/1997,35.8600
27/02/1997,35.9000
28/02/1997,35.9100
03/03/1997,35.8600
04/03/1997,35.8950
05/03/1997,35.8800
06/03/1997,35.8800
07/03/1997,35.8700
10/03/1997,35.9000
11/03/1997,35.8600
12/03/1997,35.8500
13/03/1997,35.8700
14/03/1997,35.8500
17/03/1997,35.8900
18/03/1997,35.8900
19/03/1997,35.9000
20/03/1997,35.9100
21/03/1997,35.9000
24/03/1997,35.8850
25/03/1997,35.9000
26/03/1997,35.9000
27/03/1997,35.9000
28/03/1997,35.9100
31/03/1997,35.8800
01/04/1997,35.8900
02/04/1997,35.9000
03/04/1997,35.8700
04/04/1997,35.8800
07/04/1997,35.8800
08/04/1997,35.8900
09/04/1997,35.8600
10/04/1997,35.8500
11/04/1997,35.8800
14/04/1997,35.8500
15/04/1997,35.8370
16/04/1997,35.8000
17/04/1997,35.8300
18/04/1997,35.8000
21/04/1997,35.7800
22/04/1997,35.7900
23/04/1997,35.7600
24/04/1997,35.7700
25/04/1997,35.7820
28/04/1997,35.7700
29/04/1997,35.7700
30/04/1997,35.7800
01/05/1997,35.7700
02/05/1997,35.7600
05/05/1997,35.8000
06/05/1997,35.8600
07/05/1997,35.8890
08/05/1997,35.8720
09/05/1997,35.8600
12/05/1997,35.8600
13/05/1997,35.8600
14/05/1997,35.8550
15/05/1997,35.8400
16/05/1997,35.8400
19/05/1997,35.8200
20/05/1997,35.7950
21/05/1997,35.8100
22/05/1997,35.7900
23/05/1997,35.7600
26/05/1997,
27/05/1997,35.8400
28/05/1997,35.8200
29/05/1997,35.8200
30/05/1997,35.8000
02/06/1997,35.8300
03/06/1997,35.8200
04/06/1997,35.7970
05/06/1997,35.7550
06/06/1997,35.8000
09/06/1997,35.8000
10/06/1997,35.8000
11/06/1997,35.8270
12/06/1997,35.8500
13/06/1997,35.8300
16/06/1997,35.8300
17/06/1997,35.8200
18/06/1997,35.7900
19/06/1997,35.8450
20/06/1997,35.8300
23/06/1997,35.8300
24/06/1997,35.8400
25/06/1997,35.8200
26/06/1997,35.8300
27/06/1997,35.8300
30/06/1997,35.8500
01/07/1997,35.8300
02/07/1997,35.8000
03/07/1997,35.7900
04/07/1997,
07/07/1997,35.8200
08/07/1997,35.8000
09/07/1997,35.7800
10/07/1997,35.7700
11/07/1997,35.7300
14/07/1997,35.7500
15/07/1997,35.7300
16/07/1997,35.7300
17/07/1997,35.7200
18/07/1997,35.7100
21/07/1997,35.7200
22/07/1997,35.7100
23/07/1997,35.7100
24/07/1997,35.7100
25/07/1997,35.7050
28/07/1997,35.7500
29/07/1997,35.7370
30/07/1997,35.7200
31/07/1997,35.7200
01/08/1997,35.8000
04/08/1997,35.8000
05/08/1997,35.7370
06/08/1997,35.7350
07/08/1997,35.7270
08/08/1997,35.7400
11/08/1997,35.7270
12/08/1997,35.7300
13/08/1997,35.7320
14/08/1997,35.7400
15/08/1997,35.8100
18/08/1997,35.7400
19/08/1997,35.7300
20/08/1997,36.2000
21/08/1997,36.3000
22/08/1997,36.4000
25/08/1997,36.6000
26/08/1997,36.5000
27/08/1997,36.5000
28/08/1997,36.4500
29/08/1997,36.4800
01/09/1997,
02/09/1997,36.5700
03/09/1997,36.4800
04/09/1997,36.5100
05/09/1997,37.0000
08/09/1997,36.5600
09/09/1997,36.6600
10/09/1997,36.4700
11/09/1997,36.6500
12/09/1997,36.6000
15/09/1997,36.4600
16/09/1997,36.6500
17/09/1997,36.4600
18/09/1997,36.4000
19/09/1997,36.5000
22/09/1997,36.4000
23/09/1997,36.4000
24/09/1997,36.3000
25/09/1997,36.2500
26/09/1997,36.2500
29/09/1997,36.2270
30/09/1997,36.1900
01/10/1997,36.2000
02/10/1997,37.0000
03/10/1997,36.2500
06/10/1997,36.2000
07/10/1997,36.2500
08/10/1997,36.2500
09/10/1997,36.2200
10/10/1997,36.2500
13/10/1997,
14/10/1997,36.3000
15/10/1997,36.2570
16/10/1997,36.2350
17/10/1997,36.2370
20/10/1997,36.2500
21/10/1997,36.2500
22/10/1997,36.2000
23/10/1997,36.3000
24/10/1997,36.3000
27/10/1997,36.3400
28/10/1997,36.3000
29/10/1997,36.3450
30/10/1997,36.3200
31/10/1997,36.3900
03/11/1997,36.4050
04/11/1997,36.4000
05/11/1997,36.4000
06/11/1997,36.5000
07/11/1997,36.5500
10/11/1997,36.6400
11/11/1997,
12/11/1997,36.7600
13/11/1997,36.8000
14/11/1997,36.8000
17/11/1997,36.9400
18/11/1997,37.6000
19/11/1997,37.6000
20/11/1997,37.5400
21/11/1997,37.8300
24/11/1997,38.3200
25/11/1997,38.2650
26/11/1997,38.7500
27/11/1997,
28/11/1997,39.1000
01/12/1997,39.4500
02/12/1997,39.5000
03/12/1997,39.4500
04/12/1997,39.1500
05/12/1997,39.0000
08/12/1997,38.9950
09/12/1997,39.1500
10/12/1997,39.1500
11/12/1997,39.6000
12/12/1997,39.6000
15/12/1997,39.5750
16/12/1997,40.0000
17/12/1997,40.0000
18/12/1997,40.0000
19/12/1997,40.0000
22/12/1997,39.0600
23/12/1997,39.0100
24/12/1997,39.0000
25/12/1997,
26/12/1997,39.3000
29/12/1997,39.1600
30/12/1997,39.3500
31/12/1997,39.3000
01/01/1998,
02/01/1998,39.4000
05/01/1998,39.4800
06/01/1998,39.5500
07/01/1998,39.7600
08/01/1998,39.8000
09/01/1998,39.9500
12/01/1998,39.9700
13/01/1998,40.0000
14/01/1998,40.3000
15/01/1998,40.4000
16/01/1998,40.0000
19/01/1998,
20/01/1998,39.2000
21/01/1998,38.9000
22/01/1998,38.9000
23/01/1998,38.8500
26/01/1998,38.4100
27/01/1998,38.4500
28/01/1998,38.9000
29/01/1998,38.8000
30/01/1998,38.8000
02/02/1998,38.9500
03/02/1998,38.9000
04/02/1998,38.8500
05/02/1998,38.8500
06/02/1998,38.8500
09/02/1998,38.5600
10/02/1998,38.9000
11/02/1998,38.7900
12/02/1998,38.8500
13/02/1998,38.8500
16/02/1998,
17/02/1998,38.9500
18/02/1998,38.9000
19/02/1998,38.9000
20/02/1998,39.3900
23/02/1998,39.3000
24/02/1998,39.3500
25/02/1998,39.2600
26/02/1998,39.3000
27/02/1998,39.4500
02/03/1998,39.6000
03/03/1998,39.5300
04/03/1998,39.5400
05/03/1998,39.5400
06/03/1998,39.5500
09/03/1998,39.4550
10/03/1998,39.5500
11/03/1998,39.5300
12/03/1998,39.5500
13/03/1998,39.8000
16/03/1998,39.5750
17/03/1998,39.5500
18/03/1998,39.6500
19/03/1998,39.6800
20/03/1998,39.5500
23/03/1998,39.5400
24/03/1998,39.5800
25/03/1998,39.6000
26/03/1998,39.5500
27/03/1998,39.5100
30/03/1998,39.5500
31/03/1998,39.5300
01/04/1998,39.5500
02/04/1998,39.5500
03/04/1998,39.5600
06/04/1998,39.5800
07/04/1998,39.7400
08/04/1998,39.4090
09/04/1998,39.8000
10/04/1998,39.9000
13/04/1998,39.7000
14/04/1998,39.6500
15/04/1998,39.7200
16/04/1998,39.7400
17/04/1998,39.7300
20/04/1998,39.7100
21/04/1998,39.8000
22/04/1998,39.7500
23/04/1998,39.7800
24/04/1998,39.7200
27/04/1998,39.7500
28/04/1998,39.8050
29/04/1998,39.7800
30/04/1998,39.7400
01/05/1998,39.8200
04/05/1998,39.7500
05/05/1998,39.8000
06/05/1998,39.8400
07/05/1998,39.8000
08/05/1998,39.8050
11/05/1998,39.7900
12/05/1998,39.8500
13/05/1998,39.8500
14/05/1998,40.6500
15/05/1998,40.6500
18/05/1998,40.5700
19/05/1998,40.5720
20/05/1998,40.5300
21/05/1998,40.5460
22/05/1998,40.7000
25/05/1998,
26/05/1998,41.3000
27/05/1998,41.4500
28/05/1998,42.3500
29/05/1998,41.7500
01/06/1998,41.8500
02/06/1998,41.8700
03/06/1998,41.8000
04/06/1998,41.9500
05/06/1998,41.8500
08/06/1998,41.8600
09/06/1998,42.4500
10/06/1998,42.4500
11/06/1998,42.4500
12/06/1998,42.2000
15/06/1998,42.4000
16/06/1998,42.3500
17/06/1998,42.2500
18/06/1998,42.3000
19/06/1998,42.6000
22/06/1998,42.8000
23/06/1998,42.9500
24/06/1998,42.8500
25/06/1998,42.8500
26/06/1998,42.9000
29/06/1998,42.5900
30/06/1998,42.5000
01/07/1998,42.3500
02/07/1998,42.7500
03/07/1998,42.6000
06/07/1998,42.5600
07/07/1998,42.6000
08/07/1998,42.7500
09/07/1998,42.7500
10/07/1998,42.6000
13/07/1998,42.7000
14/07/1998,42.6500
15/07/1998,42.7500
16/07/1998,42.7500
17/07/1998,42.5500
20/07/1998,42.5500
21/07/1998,42.4900
22/07/1998,42.4700
23/07/1998,42.5500
24/07/1998,42.6320
27/07/1998,42.6000
28/07/1998,42.6500
29/07/1998,42.5500
30/07/1998,42.6200
31/07/1998,42.6000
03/08/1998,42.6000
04/08/1998,42.5700
05/08/1998,42.6000
06/08/1998,42.5600
07/08/1998,42.7000
10/08/1998,42.7500
11/08/1998,43.0000
12/08/1998,43.0500
13/08/1998,43.0500
14/08/1998,43.2300
17/08/1998,43.2800
18/08/1998,43.4000
19/08/1998,43.6000
20/08/1998,42.9000
21/08/1998,42.7000
24/08/1998,42.6000
25/08/1998,42.5600
26/08/1998,42.5500
27/08/1998,42.6500
28/08/1998,42.7000
31/08/1998,42.6500
01/09/1998,42.6500
02/09/1998,42.5800
03/09/1998,42.6000
04/09/1998,42.6550
07/09/1998,
08/09/1998,42.6000
09/09/1998,42.6000
10/09/1998,42.6000
11/09/1998,42.5700
14/09/1998,42.6000
15/09/1998,42.5500
16/09/1998,42.5500
17/09/1998,42.5500
18/09/1998,42.5850
21/09/1998,42.5500
22/09/1998,42.6000
23/09/1998,42.6300
24/09/1998,42.5500
25/09/1998,42.5500
28/09/1998,42.5600
29/09/1998,42.5500
30/09/1998,42.4800
01/10/1998,42.5000
02/10/1998,42.4500
05/10/1998,42.5000
06/10/1998,42.4500
07/10/1998,42.4000
08/10/1998,42.4000
09/10/1998,42.4000
12/10/1998,
13/10/1998,42.4000
14/10/1998,42.3500
15/10/1998,42.3300
16/10/1998,42.3500
19/10/1998,42.3500
20/10/1998,42.3400
21/10/1998,42.3400
22/10/1998,42.3200
23/10/1998,42.3500
26/10/1998,42.4000
27/10/1998,42.4000
28/10/1998,42.3500
29/10/1998,42.4500
30/10/1998,42.4500
02/11/1998,42.3500
03/11/1998,42.4000
04/11/1998,42.3300
05/11/1998,42.3900
06/11/1998,42.3000
09/11/1998,42.3200
10/11/1998,42.3300
11/11/1998,
12/11/1998,42.3700
13/11/1998,42.3900
16/11/1998,42.4100
17/11/1998,42.5000
18/11/1998,42.5000
19/11/1998,42.5000
20/11/1998,42.4500
23/11/1998,42.4400
24/11/1998,42.4800
25/11/1998,42.4300
26/11/1998,
27/11/1998,42.6000
30/11/1998,42.6500
01/12/1998,42.6100
02/12/1998,42.6100
03/12/1998,42.5600
04/12/1998,42.5800
07/12/1998,42.5900
08/12/1998,42.6200
09/12/1998,42.6000
10/12/1998,42.6100
11/12/1998,42.6100
14/12/1998,42.6000
15/12/1998,42.6000
16/12/1998,42.6000
17/12/1998,42.6200
18/12/1998,42.6000
21/12/1998,42.5800
22/12/1998,42.5800
23/12/1998,42.5500
24/12/1998,42.6000
25/12/1998,
28/12/1998,42.5800
29/12/1998,42.6000
30/12/1998,42.5800
31/12/1998,42.5200
01/01/1999,
04/01/1999,42.6000
05/01/1999,42.5600
06/01/1999,42.5500
07/01/1999,42.5500
08/01/1999,42.5500
11/01/1999,42.5500
12/01/1999,42.5500
13/01/1999,42.5300
14/01/1999,42.5500
15/01/1999,42.5000
18/01/1999,
19/01/1999,42.5500
20/01/1999,42.5500
21/01/1999,42.5400
22/01/1999,42.5500
25/01/1999,42.5500
26/01/1999,42.5200
27/01/1999,42.5200
28/01/1999,42.5500
29/01/1999,42.5400
01/02/1999,42.5500
02/02/1999,42.5400
03/02/1999,42.5000
04/02/1999,42.5200
05/02/1999,42.5000
08/02/1999,42.5000
09/02/1999,42.5000
10/02/1999,42.4500
11/02/1999,42.5100
12/02/1999,42.6000
15/02/1999,
16/02/1999,42.5100
17/02/1999,42.5000
18/02/1999,42.5100
19/02/1999,42.4700
22/02/1999,42.4300
23/02/1999,42.4800
24/02/1999,42.6000
25/02/1999,42.6000
26/02/1999,42.8300
01/03/1999,42.5400
02/03/1999,42.5800
03/03/1999,42.5800
04/03/1999,42.5500
05/03/1999,42.5500
08/03/1999,42.5600
09/03/1999,42.5300
10/03/1999,42.5000
11/03/1999,42.4800
12/03/1999,42.5200
15/03/1999,42.5000
16/03/1999,42.5000
17/03/1999,42.5000
18/03/1999,42.5000
19/03/1999,42.5000
22/03/1999,42.5000
23/03/1999,42.5000
24/03/1999,42.5000
25/03/1999,42.5000
26/03/1999,42.5000
29/03/1999,42.4800
30/03/1999,42.5000
31/03/1999,42.5000
01/04/1999,42.5000
02/04/1999,42.5000
05/04/1999,42.5000
06/04/1999,42.7500
07/04/1999,42.7500
08/04/1999,42.7600
09/04/1999,42.7800
12/04/1999,42.7700
13/04/1999,42.9000
14/04/1999,42.8500
15/04/1999,42.9000
16/04/1999,42.7500
19/04/1999,42.9500
20/04/1999,42.9000
21/04/1999,42.9000
22/04/1999,42.8100
23/04/1999,42.8500
26/04/1999,42.9000
27/04/1999,42.9100
28/04/1999,42.9000
29/04/1999,42.8600
30/04/1999,42.8400
03/05/1999,42.8500
04/05/1999,42.8000
05/05/1999,42.8000
06/05/1999,42.8000
07/05/1999,42.8000
10/05/1999,42.8000
11/05/1999,42.8000
12/05/1999,42.8000
13/05/1999,42.8000
14/05/1999,42.8300
17/05/1999,42.7600
18/05/1999,42.7700
19/05/1999,42.8000
20/05/1999,42.8000
21/05/1999,42.8000
24/05/1999,42.8000
25/05/1999,42.8000
26/05/1999,42.9500
27/05/1999,43.4500
28/05/1999,43.1700
31/05/1999,
01/06/1999,43.0000
02/06/1999,43.0000
03/06/1999,43.0000
04/06/1999,43.0000
07/06/1999,43.0500
08/06/1999,43.0500
09/06/1999,43.0700
10/06/1999,43.1500
11/06/1999,43.0600
14/06/1999,43.2500
15/06/1999,43.4500
16/06/1999,43.2000
17/06/1999,43.2000
18/06/1999,43.1600
21/06/1999,43.1700
22/06/1999,43.3000
23/06/1999,43.2700
24/06/1999,43.4500
25/06/1999,43.4500
28/06/1999,43.4500
29/06/1999,43.5000
30/06/1999,43.4500
01/07/1999,43.3500
02/07/1999,43.4500
05/07/1999,
06/07/1999,43.4000
07/07/1999,43.4500
08/07/1999,43.5000
09/07/1999,43.3500
12/07/1999,43.3000
13/07/1999,43.3500
14/07/1999,43.3500
15/07/1999,43.2600
16/07/1999,43.3500
19/07/1999,43.2500
20/07/1999,43.2600
21/07/1999,43.3500
22/07/1999,43.3500
23/07/1999,43.2800
26/07/1999,43.2800
27/07/1999,43.4000
28/07/1999,43.3300
29/07/1999,43.4300
30/07/1999,43.4500
02/08/1999,43.3800
03/08/1999,43.3800
04/08/1999,43.4000
05/08/1999,43.4500
06/08/1999,43.4800
09/08/1999,43.3500
10/08/1999,43.4500
11/08/1999,43.4700
12/08/1999,43.5000
13/08/1999,43.5200
16/08/1999,43.5000
17/08/1999,43.5400
18/08/1999,43.5500
19/08/1999,43.5900
20/08/1999,43.5900
23/08/1999,43.5300
24/08/1999,43.6500
25/08/1999,43.5500
26/08/1999,43.5500
27/08/1999,43.5300
30/08/1999,43.5600
31/08/1999,43.5500
01/09/1999,43.5500
02/09/1999,43.6000
03/09/1999,43.5700
06/09/1999,
07/09/1999,43.5800
08/09/1999,43.5700
09/09/1999,43.5800
10/09/1999,43.5500
13/09/1999,43.5800
14/09/1999,43.6000
15/09/1999,43.6000
16/09/1999,43.6100
17/09/1999,43.6100
20/09/1999,43.6100
21/09/1999,43.6300
22/09/1999,43.5800
23/09/1999,43.5900
24/09/1999,43.5900
27/09/1999,43.5900
28/09/1999,43.6800
29/09/1999,43.7000
30/09/1999,43.5900
01/10/1999,43.7300
04/10/1999,43.7300
05/10/1999,43.7300
06/10/1999,43.7000
07/10/1999,43.6500
08/10/1999,43.5500
11/10/1999,
12/10/1999,43.5500
13/10/1999,43.5600
14/10/1999,43.5500
15/10/1999,43.5600
18/10/1999,43.5200
19/10/1999,43.4000
20/10/1999,43.5000
21/10/1999,43.5000
22/10/1999,43.5000
25/10/1999,43.3850
26/10/1999,43.4000
27/10/1999,43.5200
28/10/1999,43.5100
29/10/1999,43.5100
01/11/1999,43.5100
02/11/1999,43.4500
03/11/1999,43.4600
04/11/1999,43.4500
05/11/1999,43.4500
08/11/1999,43.4600
09/11/1999,43.4600
10/11/1999,43.4500
11/11/1999,
12/11/1999,43.4500
15/11/1999,43.4500
16/11/1999,43.4700
17/11/1999,43.4500
18/11/1999,43.4500
19/11/1999,43.4600
22/11/1999,43.4500
23/11/1999,43.4500
24/11/1999,43.4500
25/11/1999,
26/11/1999,43.4800
29/11/1999,43.4300
30/11/1999,43.4800
01/12/1999,43.4500
02/12/1999,43.4500
03/12/1999,43.4500
06/12/1999,43.4300
07/12/1999,43.5000
08/12/1999,43.5000
09/12/1999,43.5000
10/12/1999,43.5000
13/12/1999,43.5700
14/12/1999,43.6000
15/12/1999,43.5400
16/12/1999,43.5500
17/12/1999,43.5500
20/12/1999,43.5500
21/12/1999,43.5500
22/12/1999,43.5500
23/12/1999,43.5500
24/12/1999,43.5500
27/12/1999,43.5500
28/12/1999,43.5500
29/12/1999,43.5500
30/12/1999,43.5500
31/12/1999,43.5100
03/01/2000,43.5500
04/01/2000,43.5500
05/01/2000,43.5500
06/01/2000,43.5500
07/01/2000,43.5500
10/01/2000,43.5500
11/01/2000,43.6000
12/01/2000,43.6000
13/01/2000,43.5500
14/01/2000,43.5500
17/01/2000,
18/01/2000,43.6000
19/01/2000,43.6000
20/01/2000,43.6000
21/01/2000,43.6000
24/01/2000,43.6200
25/01/2000,43.5900
26/01/2000,43.6500
27/01/2000,43.6300
28/01/2000,43.6500
31/01/2000,43.6500
01/02/2000,43.6200
02/02/2000,43.6500
03/02/2000,43.6500
04/02/2000,43.6500
07/02/2000,43.6400
08/02/2000,43.6300
09/02/2000,43.6500
10/02/2000,43.5800
11/02/2000,43.6500
14/02/2000,43.6500
15/02/2000,43.6400
16/02/2000,43.7500
17/02/2000,43.6800
18/02/2000,43.6800
21/02/2000,
22/02/2000,43.6500
23/02/2000,43.6800
24/02/2000,43.6500
25/02/2000,43.6500
28/02/2000,43.6800
29/02/2000,43.6500
01/03/2000,43.6300
02/03/2000,43.6500
03/03/2000,43.6500
06/03/2000,43.6300
07/03/2000,43.6300
08/03/2000,43.6500
09/03/2000,43.6300
10/03/2000,43.6500
13/03/2000,43.6500
14/03/2000,43.6400
15/03/2000,43.6500
16/03/2000,43.5800
17/03/2000,43.6500
20/03/2000,43.6300
21/03/2000,43.5900
22/03/2000,43.6500
23/03/2000,43.6500
24/03/2000,43.6500
27/03/2000,43.6200
28/03/2000,43.6500
29/03/2000,43.6500
30/03/2000,43.6500
31/03/2000,43.6500
03/04/2000,43.6320
04/04/2000,43.6500
05/04/2000,43.6800
06/04/2000,43.6500
07/04/2000,43.6700
10/04/2000,43.6600
11/04/2000,43.6800
12/04/2000,43.7000
13/04/2000,43.7000
14/04/2000,43.7500
17/04/2000,43.6800
18/04/2000,43.7000
19/04/2000,43.7000
20/04/2000,43.6870
21/04/2000,43.7000
24/04/2000,43.6550
25/04/2000,43.7000
26/04/2000,43.7000
27/04/2000,43.7000
28/04/2000,43.7000
01/05/2000,43.6700
02/05/2000,43.7500
03/05/2000,43.7300
04/05/2000,43.6700
05/05/2000,43.7000
08/05/2000,43.7000
09/05/2000,43.7000
10/05/2000,44.3000
11/05/2000,44.4400
12/05/2000,44.1500
15/05/2000,44.4400
16/05/2000,44.0500
17/05/2000,44.0200
18/05/2000,44.0300
19/05/2000,44.0000
22/05/2000,44.0200
23/05/2000,44.1500
24/05/2000,44.2500
25/05/2000,44.2000
26/05/2000,44.4000
29/05/2000,
30/05/2000,44.6500
31/05/2000,44.6500
01/06/2000,44.6500
02/06/2000,44.7000
05/06/2000,44.7500
06/06/2000,44.7500
07/06/2000,44.8300
08/06/2000,44.8500
09/06/2000,44.8500
12/06/2000,44.8500
13/06/2000,44.8000
14/06/2000,44.7200
15/06/2000,44.8000
16/06/2000,44.8300
19/06/2000,44.8500
20/06/2000,44.7500
21/06/2000,44.7000
22/06/2000,44.7000
23/06/2000,44.7500
26/06/2000,44.7500
27/06/2000,44.7000
28/06/2000,44.7200
29/06/2000,44.7300
30/06/2000,44.7000
03/07/2000,44.7200
04/07/2000,
05/07/2000,44.6900
06/07/2000,44.8100
07/07/2000,44.7800
10/07/2000,44.7500
11/07/2000,44.7500
12/07/2000,44.7500
13/07/2000,44.7800
14/07/2000,44.7800
17/07/2000,44.7400
18/07/2000,44.8300
19/07/2000,44.8500
20/07/2000,45.0200
21/07/2000,44.8000
24/07/2000,44.7700
25/07/2000,44.9500
26/07/2000,44.9800
27/07/2000,44.9500
28/07/2000,44.9600
31/07/2000,45.1500
01/08/2000,45.1500
02/08/2000,45.4000
03/08/2000,45.4000
04/08/2000,45.4000
07/08/2000,45.6200
08/08/2000,45.8000
09/08/2000,45.7000
10/08/2000,45.9000
11/08/2000,45.9000
14/08/2000,45.8500
15/08/2000,45.8000
16/08/2000,45.8000
17/08/2000,45.9500
18/08/2000,45.9000
21/08/2000,45.7300
22/08/2000,45.7500
23/08/2000,45.9000
24/08/2000,46.0500
25/08/2000,46.0500
28/08/2000,45.8300
29/08/2000,46.0000
30/08/2000,45.9000
31/08/2000,45.9000
01/09/2000,45.8000
04/09/2000,
05/09/2000,45.7400
06/09/2000,45.6500
07/09/2000,46.0500
08/09/2000,45.7300
11/09/2000,45.6500
12/09/2000,45.7000
13/09/2000,45.7000
14/09/2000,45.8000
15/09/2000,45.8500
18/09/2000,46.1500
19/09/2000,46.4500
20/09/2000,46.3000
21/09/2000,46.0900
22/09/2000,46.1800
25/09/2000,46.1600
26/09/2000,46.1000
27/09/2000,46.1500
28/09/2000,46.0500
29/09/2000,46.0600
02/10/2000,46.1000
03/10/2000,46.1800
04/10/2000,46.1700
05/10/2000,46.1700
06/10/2000,46.1700
09/10/2000,
10/10/2000,46.2500
11/10/2000,46.3500
12/10/2000,46.3000
13/10/2000,46.4500
16/10/2000,46.4000
17/10/2000,46.3500
18/10/2000,46.4500
19/10/2000,46.4000
20/10/2000,46.4000
23/10/2000,46.4500
24/10/2000,46.4800
25/10/2000,46.7000
26/10/2000,46.7000
27/10/2000,46.7800
30/10/2000,46.7800
31/10/2000,46.9000
01/11/2000,46.8200
02/11/2000,46.8500
03/11/2000,46.7000
06/11/2000,46.6400
07/11/2000,46.7000
08/11/2000,46.7200
09/11/2000,46.7500
10/11/2000,46.7800
13/11/2000,46.7700
14/11/2000,46.8500
15/11/2000,46.8300
16/11/2000,46.8500
17/11/2000,46.8200
20/11/2000,46.9000
21/11/2000,46.8500
22/11/2000,46.8600
23/11/2000,
24/11/2000,46.9100
27/11/2000,46.9000
28/11/2000,46.9300
29/11/2000,46.9500
30/11/2000,46.8700
01/12/2000,46.8900
04/12/2000,46.8800
05/12/2000,46.8000
06/12/2000,46.7800
07/12/2000,46.8000
08/12/2000,46.8000
11/12/2000,46.7800
12/12/2000,46.7800
13/12/2000,46.8000
14/12/2000,46.8000
15/12/2000,46.8000
18/12/2000,46.7900
19/12/2000,46.7500
20/12/2000,46.7500
21/12/2000,46.7400
22/12/2000,46.7700
25/12/2000,
26/12/2000,46.7500
27/12/2000,46.7300
28/12/2000,46.7500
29/12/2000,46.7500
01/01/2001,
02/01/2001,46.7400
03/01/2001,46.7500
04/01/2001,46.7800
05/01/2001,46.7600
08/01/2001,46.7300
09/01/2001,46.6800
10/01/2001,46.6800
11/01/2001,46.6800
12/01/2001,47.4700
15/01/2001,
16/01/2001,46.5500
17/01/2001,46.4800
18/01/2001,46.4500
19/01/2001,46.4300
22/01/2001,46.4300
23/01/2001,46.3900
24/01/2001,46.4200
25/01/2001,46.5400
26/01/2001,46.5300
29/01/2001,46.5000
30/01/2001,46.4600
31/01/2001,46.4400
01/02/2001,46.4100
02/02/2001,46.4400
05/02/2001,46.4300
06/02/2001,46.4200
07/02/2001,46.4600
08/02/2001,46.4600
09/02/2001,46.5400
12/02/2001,46.5600
13/02/2001,46.6000
14/02/2001,46.6500
15/02/2001,46.6300
16/02/2001,46.5500
19/02/2001,
20/02/2001,46.6600
21/02/2001,46.6500
22/02/2001,46.6300
23/02/2001,46.6500
26/02/2001,46.6600
27/02/2001,46.6800
28/02/2001,46.5900
01/03/2001,46.5900
02/03/2001,46.5900
05/03/2001,46.5700
06/03/2001,46.5300
07/03/2001,46.5700
08/03/2001,46.5600
09/03/2001,46.5500
12/03/2001,46.5700
13/03/2001,46.7000
14/03/2001,46.6900
15/03/2001,46.6600
16/03/2001,46.6900
19/03/2001,46.7200
20/03/2001,46.7100
21/03/2001,46.7100
22/03/2001,46.7400
23/03/2001,46.7200
26/03/2001,46.6900
27/03/2001,46.6500
28/03/2001,46.6500
29/03/2001,46.6600
30/03/2001,46.8500
02/04/2001,46.6500
03/04/2001,46.6700
04/04/2001,46.6000
05/04/2001,46.6400
06/04/2001,46.5800
09/04/2001,46.5800
10/04/2001,46.6000
11/04/2001,46.7500
12/04/2001,46.7500
13/04/2001,46.8900
16/04/2001,47.0700
17/04/2001,46.9500
18/04/2001,46.9500
19/04/2001,46.8800
20/04/2001,46.8800
23/04/2001,46.8200
24/04/2001,46.8800
25/04/2001,46.8800
26/04/2001,46.7800
27/04/2001,46.8800
30/04/2001,46.8800
01/05/2001,46.8700
02/05/2001,46.8700
03/05/2001,46.8700
04/05/2001,46.8700
07/05/2001,46.8400
08/05/2001,46.8300
09/05/2001,46.8500
10/05/2001,46.8800
11/05/2001,46.8500
14/05/2001,47.0000
15/05/2001,47.0300
16/05/2001,46.9700
17/05/2001,46.9900
18/05/2001,46.9800
21/05/2001,47.0000
22/05/2001,47.0600
23/05/2001,47.0200
24/05/2001,47.0200
25/05/2001,47.0200
28/05/2001,
29/05/2001,47.0200
30/05/2001,47.0000
31/05/2001,47.0000
01/06/2001,47.0500
04/06/2001,47.0600
05/06/2001,47.0000
06/06/2001,47.0300
07/06/2001,47.0000
08/06/2001,47.0300
11/06/2001,47.0400
12/06/2001,47.0800
13/06/2001,47.0900
14/06/2001,47.0000
15/06/2001,47.0500
18/06/2001,47.0200
19/06/2001,47.0200
20/06/2001,47.0100
21/06/2001,47.0500
22/06/2001,47.0400
25/06/2001,47.0600
26/06/2001,47.0700
27/06/2001,47.0400
28/06/2001,47.0600
29/06/2001,47.0900
02/07/2001,47.1800
03/07/2001,47.1700
04/07/2001,
05/07/2001,47.1800
06/07/2001,47.1700
09/07/2001,47.1900
10/07/2001,47.1900
11/07/2001,47.2100
12/07/2001,47.2000
13/07/2001,47.2100
16/07/2001,47.2000
17/07/2001,47.1600
18/07/2001,47.1200
19/07/2001,47.1600
20/07/2001,47.1700
23/07/2001,47.1700
24/07/2001,47.1100
25/07/2001,47.1900
26/07/2001,47.2000
27/07/2001,47.1900
30/07/2001,47.1900
31/07/2001,47.1800
01/08/2001,47.1600
02/08/2001,47.1100
03/08/2001,47.1700
06/08/2001,47.1600
07/08/2001,47.1100
08/08/2001,47.1900
09/08/2001,47.1800
10/08/2001,47.1700
13/08/2001,47.1700
14/08/2001,47.1500
15/08/2001,47.1600
16/08/2001,47.1600
17/08/2001,47.1700
20/08/2001,47.1800
21/08/2001,47.1800
22/08/2001,47.1800
23/08/2001,47.1700
24/08/2001,47.1700
27/08/2001,47.1900
28/08/2001,47.1900
29/08/2001,47.1600
30/08/2001,47.1800
31/08/2001,47.1700
03/09/2001,
04/09/2001,47.2200
05/09/2001,47.2000
06/09/2001,47.2200
07/09/2001,47.2700
10/09/2001,47.3800
11/09/2001,
12/09/2001,47.3900
13/09/2001,47.4900
14/09/2001,47.7500
17/09/2001,47.7700
18/09/2001,48.0500
19/09/2001,47.9600
20/09/2001,48.0300
21/09/2001,48.0800
24/09/2001,48.0800
25/09/2001,48.9100
26/09/2001,47.9100
27/09/2001,47.9100
28/09/2001,47.9000
01/10/2001,48.0300
02/10/2001,48.0300
03/10/2001,47.9600
04/10/2001,48.0400
05/10/2001,48.0500
08/10/2001,
09/10/2001,48.1700
10/10/2001,48.0900
11/10/2001,48.0900
12/10/2001,48.0700
15/10/2001,48.0700
16/10/2001,48.0500
17/10/2001,48.0500
18/10/2001,48.0800
19/10/2001,48.0800
22/10/2001,48.0500
23/10/2001,48.0300
24/10/2001,48.0800
25/10/2001,48.0000
26/10/2001,48.0200
29/10/2001,48.0200
30/10/2001,48.0300
31/10/2001,48.0400
01/11/2001,48.0500
02/11/2001,48.0400
05/11/2001,48.0200
06/11/2001,48.0400
07/11/2001,48.0400
08/11/2001,48.0700
09/11/2001,48.0500
12/11/2001,
13/11/2001,48.1100
14/11/2001,48.1100
15/11/2001,48.0300
16/11/2001,48.0300
19/11/2001,48.0000
20/11/2001,48.0300
21/11/2001,48.0300
22/11/2001,
23/11/2001,48.1000
26/11/2001,48.0500
27/11/2001,48.0800
28/11/2001,47.9900
29/11/2001,48.0100
30/11/2001,47.9800
03/12/2001,47.9300
04/12/2001,47.9300
05/12/2001,47.9400
06/12/2001,47.9000
07/12/2001,47.8600
10/12/2001,47.8700
11/12/2001,47.8500
12/12/2001,47.8400
13/12/2001,47.8400
14/12/2001,47.8600
17/12/2001,47.8600
18/12/2001,47.8600
19/12/2001,47.8000
20/12/2001,47.8300
21/12/2001,47.8500
24/12/2001,47.9500
25/12/2001,
26/12/2001,47.9500
27/12/2001,48.2100
28/12/2001,48.2900
31/12/2001,48.2700
01/01/2002,
02/01/2002,48.2700
03/01/2002,48.2800
04/01/2002,48.3000
07/01/2002,48.2800
08/01/2002,48.3000
09/01/2002,48.3200
10/01/2002,48.4100
11/01/2002,48.4400
14/01/2002,48.3600
15/01/2002,48.3100
16/01/2002,48.3000
17/01/2002,48.3100
18/01/2002,48.2700
21/01/2002,
22/01/2002,48.3000
23/01/2002,48.3500
24/01/2002,48.3500
25/01/2002,48.3800
28/01/2002,48.3700
29/01/2002,48.4300
30/01/2002,48.5300
31/01/2002,48.5600
01/02/2002,48.5500
04/02/2002,48.6100
05/02/2002,48.6900
06/02/2002,48.7100
07/02/2002,48.7200
08/02/2002,48.7000
11/02/2002,48.7500
12/02/2002,48.6900
13/02/2002,48.9000
14/02/2002,48.7100
15/02/2002,48.7100
18/02/2002,
19/02/2002,48.6700
20/02/2002,48.6400
21/02/2002,48.6900
22/02/2002,48.7900
25/02/2002,48.8200
26/02/2002,48.7500
27/02/2002,48.7600
28/02/2002,48.7600
01/03/2002,48.7600
04/03/2002,48.7200
05/03/2002,48.7200
06/03/2002,48.7100
07/03/2002,48.7600
08/03/2002,48.7600
11/03/2002,48.7600
12/03/2002,48.7600
13/03/2002,48.7400
14/03/2002,48.7700
15/03/2002,48.7300
18/03/2002,48.7400
19/03/2002,48.7600
20/03/2002,48.7600
21/03/2002,48.7800
22/03/2002,48.8000
25/03/2002,48.8000
26/03/2002,48.7800
27/03/2002,48.8300
28/03/2002,48.8300
29/03/2002,48.8300
01/04/2002,48.8300
02/04/2002,48.8500
03/04/2002,48.9100
04/04/2002,48.9200
05/04/2002,48.8600
08/04/2002,48.9100
09/04/2002,48.9200
10/04/2002,48.9100
11/04/2002,48.9300
12/04/2002,48.9400
15/04/2002,48.9600
16/04/2002,48.9600
17/04/2002,48.9600
18/04/2002,48.9300
19/04/2002,48.9200
22/04/2002,48.9500
23/04/2002,49.0100
24/04/2002,49.0000
25/04/2002,49.0000
26/04/2002,48.9900
29/04/2002,49.0100
30/04/2002,48.9800
01/05/2002,48.9800
02/05/2002,48.9800
03/05/2002,49.0000
06/05/2002,48.9700
07/05/2002,48.9900
08/05/2002,48.9700
09/05/2002,48.9900
10/05/2002,49.0200
13/05/2002,49.0300
14/05/2002,49.0200
15/05/2002,49.0400
16/05/2002,49.0500
17/05/2002,49.0400
20/05/2002,49.0600
21/05/2002,49.0100
22/05/2002,49.0100
23/05/2002,49.0700
24/05/2002,49.0200
27/05/2002,
28/05/2002,49.0200
29/05/2002,49.0100
30/05/2002,49.0300
31/05/2002,49.0600
03/06/2002,49.0700
04/06/2002,49.0700
05/06/2002,49.0500
06/06/2002,49.0300
07/06/2002,49.0500
10/06/2002,49.0200
11/06/2002,49.0000
12/06/2002,49.0000
13/06/2002,49.0400
14/06/2002,49.0300
17/06/2002,49.0200
18/06/2002,48.9900
19/06/2002,48.9400
20/06/2002,48.9400
21/06/2002,48.9500
24/06/2002,48.9100
25/06/2002,48.9300
26/06/2002,48.8700
27/06/2002,48.8600
28/06/2002,48.9100
01/07/2002,48.8600
02/07/2002,48.8700
03/07/2002,48.8300
04/07/2002,
05/07/2002,48.8600
08/07/2002,48.8400
09/07/2002,48.8200
10/07/2002,48.8200
11/07/2002,48.8100
12/07/2002,48.8000
15/07/2002,48.8500
16/07/2002,48.8300
17/07/2002,48.8100
18/07/2002,48.8200
19/07/2002,48.7500
22/07/2002,48.7300
23/07/2002,48.7200
24/07/2002,48.7000
25/07/2002,48.7100
26/07/2002,48.7100
29/07/2002,48.7600
30/07/2002,48.7400
31/07/2002,48.6900
01/08/2002,48.6800
02/08/2002,48.6800
05/08/2002,48.6700
06/08/2002,48.7300
07/08/2002,48.7000
08/08/2002,48.6800
09/08/2002,48.6700
12/08/2002,48.6400
13/08/2002,48.6200
14/08/2002,48.6300
15/08/2002,48.6300
16/08/2002,48.6000
19/08/2002,48.6100
20/08/2002,48.5900
21/08/2002,48.5600
22/08/2002,48.5500
23/08/2002,48.5500
26/08/2002,48.5500
27/08/2002,48.5300
28/08/2002,48.6000
29/08/2002,48.5400
30/08/2002,48.5200
02/09/2002,
03/09/2002,48.5000
04/09/2002,48.4800
05/09/2002,48.5000
06/09/2002,48.5700
09/09/2002,48.5200
10/09/2002,48.5200
11/09/2002,48.4800
12/09/2002,48.4800
13/09/2002,48.4700
16/09/2002,48.4300
17/09/2002,48.4500
18/09/2002,48.4300
19/09/2002,48.4400
20/09/2002,48.4600
23/09/2002,48.4400
24/09/2002,48.4200
25/09/2002,48.4300
26/09/2002,48.4300
27/09/2002,48.4000
30/09/2002,48.4000
01/10/2002,48.3900
02/10/2002,48.3900
03/10/2002,48.3800
04/10/2002,48.3800
07/10/2002,48.3500
08/10/2002,48.3900
09/10/2002,48.3400
10/10/2002,48.3800
11/10/2002,48.3600
14/10/2002,
15/10/2002,48.3600
16/10/2002,48.4100
17/10/2002,48.4200
18/10/2002,48.4400
21/10/2002,48.3800
22/10/2002,48.3900
23/10/2002,48.3500
24/10/2002,48.4200
25/10/2002,48.4100
28/10/2002,48.4500
29/10/2002,48.4100
30/10/2002,48.3500
31/10/2002,48.3900
01/11/2002,48.3600
04/11/2002,48.3600
05/11/2002,48.3500
06/11/2002,48.3600
07/11/2002,48.3400
08/11/2002,48.2900
11/11/2002,
12/11/2002,48.3000
13/11/2002,48.3000
14/11/2002,48.2900
15/11/2002,48.2300
18/11/2002,48.2300
19/11/2002,48.2300
20/11/2002,48.2500
21/11/2002,48.2100
22/11/2002,48.2200
25/11/2002,48.2300
26/11/2002,48.2400
27/11/2002,48.2700
28/11/2002,
29/11/2002,48.3600
02/12/2002,48.3200
03/12/2002,48.2800
04/12/2002,48.2300
05/12/2002,48.2700
06/12/2002,48.2400
09/12/2002,48.2400
10/12/2002,48.2400
11/12/2002,48.1800
12/12/2002,48.2200
13/12/2002,48.2000
16/12/2002,48.1800
17/12/2002,48.1600
18/12/2002,48.1500
19/12/2002,48.1100
20/12/2002,48.0300
23/12/2002,48.0300
24/12/2002,48.0400
25/12/2002,
26/12/2002,48.0500
27/12/2002,48.0100
30/12/2002,47.9600
31/12/2002,48.0000
01/01/2003,
02/01/2003,48.0500
03/01/2003,48.0300
06/01/2003,48.0100
07/01/2003,48.0000
08/01/2003,48.0000
09/01/2003,47.9600
10/01/2003,48.0000
13/01/2003,47.9600
14/01/2003,47.9500
15/01/2003,47.9700
16/01/2003,47.9600
17/01/2003,47.9600
20/01/2003,
21/01/2003,47.9700
22/01/2003,47.9300
23/01/2003,47.9200
24/01/2003,47.9000
27/01/2003,48.1000
28/01/2003,47.9200
29/01/2003,47.8300
30/01/2003,47.8500
31/01/2003,47.8300
03/02/2003,47.8000
04/02/2003,47.8200
05/02/2003,47.7700
06/02/2003,47.8000
07/02/2003,47.7200
10/02/2003,47.6900
11/02/2003,47.7000
12/02/2003,47.8900
13/02/2003,47.8700
14/02/2003,47.9200
17/02/2003,
18/02/2003,47.7500
19/02/2003,47.7000
20/02/2003,47.6500
21/02/2003,47.6500
24/02/2003,47.7400
25/02/2003,47.7400
26/02/2003,47.6700
27/02/2003,47.6600
28/02/2003,47.6600
03/03/2003,47.7000
04/03/2003,47.8500
05/03/2003,47.8000
06/03/2003,47.6300
07/03/2003,47.8000
10/03/2003,47.7000
11/03/2003,47.6400
12/03/2003,47.6500
13/03/2003,47.6600
14/03/2003,47.6600
17/03/2003,47.6800
18/03/2003,47.6800
19/03/2003,47.7200
20/03/2003,47.7500
21/03/2003,47.6600
24/03/2003,47.6800
25/03/2003,47.6400
26/03/2003,47.6400
27/03/2003,47.5900
28/03/2003,47.5500
31/03/2003,47.5300
01/04/2003,47.4500
02/04/2003,47.4000
03/04/2003,47.4300
04/04/2003,47.4400
07/04/2003,47.4400
08/04/2003,47.4600
09/04/2003,47.4500
10/04/2003,47.4000
11/04/2003,47.3800
14/04/2003,47.4400
15/04/2003,47.3600
16/04/2003,47.3800
17/04/2003,47.3400
18/04/2003,47.3400
21/04/2003,47.3800
22/04/2003,47.3400
23/04/2003,47.3500
24/04/2003,47.3600
25/04/2003,47.3700
28/04/2003,47.3500
29/04/2003,47.3700
30/04/2003,47.3700
01/05/2003,47.3500
02/05/2003,47.3500
05/05/2003,47.3000
06/05/2003,47.2800
07/05/2003,47.2800
08/05/2003,47.2500
09/05/2003,47.2000
12/05/2003,47.1800
13/05/2003,47.1500
14/05/2003,47.1500
15/05/2003,47.1300
16/05/2003,47.1200
19/05/2003,46.9900
20/05/2003,46.9500
21/05/2003,46.9000
22/05/2003,46.9100
23/05/2003,46.8700
26/05/2003,
27/05/2003,46.8500
28/05/2003,46.9800
29/05/2003,47.0500
30/05/2003,47.0700
02/06/2003,47.1500
03/06/2003,46.9500
04/06/2003,46.8500
05/06/2003,46.8400
06/06/2003,46.8800
09/06/2003,46.8700
10/06/2003,46.7900
11/06/2003,46.7000
12/06/2003,46.7300
13/06/2003,46.7000
16/06/2003,46.6600
17/06/2003,46.5900
18/06/2003,46.6200
19/06/2003,46.6100
20/06/2003,46.5700
23/06/2003,46.6600
24/06/2003,46.5700
25/06/2003,46.5800
26/06/2003,46.5700
27/06/2003,46.4000
30/06/2003,46.4000
01/07/2003,46.4900
02/07/2003,46.3600
03/07/2003,46.4000
04/07/2003,
07/07/2003,46.3400
08/07/2003,46.3000
09/07/2003,46.2400
10/07/2003,46.2100
11/07/2003,46.1000
14/07/2003,46.0600
15/07/2003,46.1300
16/07/2003,46.2300
17/07/2003,46.2300
18/07/2003,46.2900
21/07/2003,46.2700
22/07/2003,46.1500
23/07/2003,46.1600
24/07/2003,46.1500
25/07/2003,46.1500
28/07/2003,46.1500
29/07/2003,46.1300
30/07/2003,46.1500
31/07/2003,46.1500
01/08/2003,46.1800
04/08/2003,46.1500
05/08/2003,46.1400
06/08/2003,46.0500
07/08/2003,45.9800
08/08/2003,46.0100
11/08/2003,45.9900
12/08/2003,45.8900
13/08/2003,45.9500
14/08/2003,46.0000
15/08/2003,46.0000
18/08/2003,45.9000
19/08/2003,45.8500
20/08/2003,45.8800
21/08/2003,45.8000
22/08/2003,45.8800
25/08/2003,45.9000
26/08/2003,45.8800
27/08/2003,45.8800
28/08/2003,45.8800
29/08/2003,45.8800
01/09/2003,
02/09/2003,45.8800
03/09/2003,45.9000
04/09/2003,45.8000
05/09/2003,45.8800
08/09/2003,45.8500
09/09/2003,45.8000
10/09/2003,45.8200
11/09/2003,45.7200
12/09/2003,45.8000
15/09/2003,45.8000
16/09/2003,45.9000
17/09/2003,45.9500
18/09/2003,46.0000
19/09/2003,45.9800
22/09/2003,45.7700
23/09/2003,45.7700
24/09/2003,45.8800
25/09/2003,45.8800
26/09/2003,45.7700
29/09/2003,45.8500
30/09/2003,45.7800
01/10/2003,45.7000
02/10/2003,45.4300
03/10/2003,45.3300
06/10/2003,45.4900
07/10/2003,45.3300
08/10/2003,45.4300
09/10/2003,45.2900
10/10/2003,45.4200
13/10/2003,
14/10/2003,45.6600
15/10/2003,45.7000
16/10/2003,45.3300
17/10/2003,45.3300
20/10/2003,45.3600
21/10/2003,45.3300
22/10/2003,45.3500
23/10/2003,45.3300
24/10/2003,45.3200
27/10/2003,45.4000
28/10/2003,45.3100
29/10/2003,45.3600
30/10/2003,45.3500
31/10/2003,45.3300
03/11/2003,45.3200
04/11/2003,45.3100
05/11/2003,45.3400
06/11/2003,45.3000
07/11/2003,45.3300
10/11/2003,45.3300
11/11/2003,
12/11/2003,45.3600
13/11/2003,45.3900
14/11/2003,45.4400
17/11/2003,45.5500
18/11/2003,45.6200
19/11/2003,45.6300
20/11/2003,45.7800
21/11/2003,45.7500
24/11/2003,45.8800
25/11/2003,45.9500
26/11/2003,45.8800
27/11/2003,
28/11/2003,45.8200
01/12/2003,45.7700
02/12/2003,45.7000
03/12/2003,45.6300
04/12/2003,45.6600
05/12/2003,45.6600
08/12/2003,45.5500
09/12/2003,45.5500
10/12/2003,45.5500
11/12/2003,45.5500
12/12/2003,45.5500
15/12/2003,45.5500
16/12/2003,45.5000
17/12/2003,45.5500
18/12/2003,45.5000
19/12/2003,45.5400
22/12/2003,45.5200
23/12/2003,45.5200
24/12/2003,45.5000
25/12/2003,
26/12/2003,45.5000
29/12/2003,45.6600
30/12/2003,45.5700
31/12/2003,45.5500
01/01/2004,
02/01/2004,45.6800
05/01/2004,45.6000
06/01/2004,45.6600
07/01/2004,45.5300
08/01/2004,45.5500
09/01/2004,45.4800
12/01/2004,45.4400
13/01/2004,45.4400
14/01/2004,45.4200
15/01/2004,45.4400
16/01/2004,45.4500
19/01/2004,
20/01/2004,45.4300
21/01/2004,45.4300
22/01/2004,45.4300
23/01/2004,45.4300
26/01/2004,45.3600
27/01/2004,45.3800
28/01/2004,45.3600
29/01/2004,45.2900
30/01/2004,45.3200
02/02/2004,45.3000
03/02/2004,45.3000
04/02/2004,45.3000
05/02/2004,45.2900
06/02/2004,45.3000
09/02/2004,45.2500
10/02/2004,45.2200
11/02/2004,45.2400
12/02/2004,45.2300
13/02/2004,45.2400
16/02/2004,
17/02/2004,45.2800
18/02/2004,45.2400
19/02/2004,45.2800
20/02/2004,45.2300
23/02/2004,45.3200
24/02/2004,45.3200
25/02/2004,45.2500
26/02/2004,45.2700
27/02/2004,45.3200
01/03/2004,45.3200
02/03/2004,45.2500
03/03/2004,45.2200
04/03/2004,45.3200
05/03/2004,45.3200
08/03/2004,45.2600
09/03/2004,45.2300
10/03/2004,45.2500
11/03/2004,45.2800
12/03/2004,45.2200
15/03/2004,45.2500
16/03/2004,45.2200
17/03/2004,45.2700
18/03/2004,45.2500
19/03/2004,45.2000
22/03/2004,45.1450
23/03/2004,44.8500
24/03/2004,44.8000
25/03/2004,44.7300
26/03/2004,44.4400
29/03/2004,44.0000
30/03/2004,44.0700
31/03/2004,43.4000
01/04/2004,43.4000
02/04/2004,43.7500
05/04/2004,43.6700
06/04/2004,43.7000
07/04/2004,43.5500
08/04/2004,43.6000
09/04/2004,43.4500
12/04/2004,43.6600
13/04/2004,43.7500
14/04/2004,43.6900
15/04/2004,44.0000
16/04/2004,43.8500
19/04/2004,43.8800
20/04/2004,43.9700
21/04/2004,44.1000
22/04/2004,44.1400
23/04/2004,44.0000
26/04/2004,44.1000
27/04/2004,44.2300
28/04/2004,44.2100
29/04/2004,44.4000
30/04/2004,44.5200
03/05/2004,44.8800
04/05/2004,44.7000
05/05/2004,44.5500
06/05/2004,44.6500
07/05/2004,44.6600
10/05/2004,44.9500
11/05/2004,45.3500
12/05/2004,45.3500
13/05/2004,45.2500
14/05/2004,45.5700
17/05/2004,45.5000
18/05/2004,45.4700
19/05/2004,45.1800
20/05/2004,45.2800
21/05/2004,45.2800
24/05/2004,45.3100
25/05/2004,45.3600
26/05/2004,45.4000
27/05/2004,45.4000
28/05/2004,45.4200
31/05/2004,
01/06/2004,45.4300
02/06/2004,45.3700
03/06/2004,45.2200
04/06/2004,45.0700
07/06/2004,45.1000
08/06/2004,45.0500
09/06/2004,44.9400
10/06/2004,45.0500
11/06/2004,45.0900
14/06/2004,45.3500
15/06/2004,45.3800
16/06/2004,45.3400
17/06/2004,45.4900
18/06/2004,45.6600
21/06/2004,45.8800
22/06/2004,46.2100
23/06/2004,45.7000
24/06/2004,45.8500
25/06/2004,45.8500
28/06/2004,45.9900
29/06/2004,46.0500
30/06/2004,45.9900
01/07/2004,45.8800
02/07/2004,45.7500
05/07/2004,
06/07/2004,46.0500
07/07/2004,45.8400
08/07/2004,45.7500
09/07/2004,45.6600
12/07/2004,45.7200
13/07/2004,45.8600
14/07/2004,45.9500
15/07/2004,46.0800
16/07/2004,45.9600
19/07/2004,46.1100
20/07/2004,46.1000
21/07/2004,46.1300
22/07/2004,46.3000
23/07/2004,46.3500
26/07/2004,46.2800
27/07/2004,46.2500
28/07/2004,46.3000
29/07/2004,46.4500
30/07/2004,46.4000
02/08/2004,46.3500
03/08/2004,46.3500
04/08/2004,46.3600
05/08/2004,46.3500
06/08/2004,46.3300
09/08/2004,46.4000
10/08/2004,46.3400
11/08/2004,46.3200
12/08/2004,46.2100
13/08/2004,46.2700
16/08/2004,46.3600
17/08/2004,46.3400
18/08/2004,46.3400
19/08/2004,46.2700
20/08/2004,46.2500
23/08/2004,46.2600
24/08/2004,46.2950
25/08/2004,46.3600
26/08/2004,46.3500
27/08/2004,46.2800
30/08/2004,46.3500
31/08/2004,46.3500
01/09/2004,46.3400
02/09/2004,46.3200
03/09/2004,46.3300
06/09/2004,
07/09/2004,46.3500
08/09/2004,46.3500
09/09/2004,46.3000
10/09/2004,46.2600
13/09/2004,46.1800
14/09/2004,45.8500
15/09/2004,45.8100
16/09/2004,45.8200
17/09/2004,45.8400
20/09/2004,45.9300
21/09/2004,45.8600
22/09/2004,45.8600
23/09/2004,45.8700
24/09/2004,45.9000
27/09/2004,45.9700
28/09/2004,46.1000
29/09/2004,46.0000
30/09/2004,45.9100
01/10/2004,45.8500
04/10/2004,45.8500
05/10/2004,45.8600
06/10/2004,45.8600
07/10/2004,45.8600
08/10/2004,45.8000
11/10/2004,
12/10/2004,45.8700
13/10/2004,45.8300
14/10/2004,45.8100
15/10/2004,45.8500
18/10/2004,45.8300
19/10/2004,45.8500
20/10/2004,45.7000
21/10/2004,45.6500
22/10/2004,45.6200
25/10/2004,45.5800
26/10/2004,45.6600
27/10/2004,45.5700
28/10/2004,45.5100
29/10/2004,45.3000
01/11/2004,45.3300
02/11/2004,45.4000
03/11/2004,45.3300
04/11/2004,45.1000
05/11/2004,45.1000
08/11/2004,45.0800
09/11/2004,45.1200
10/11/2004,45.1400
11/11/2004,
12/11/2004,45.0400
15/11/2004,45.0300
16/11/2004,45.0100
17/11/2004,44.9600
18/11/2004,45.0000
19/11/2004,45.0000
22/11/2004,44.9700
23/11/2004,45.0200
24/11/2004,44.9400
25/11/2004,
26/11/2004,44.9400
29/11/2004,44.6700
30/11/2004,44.4700
01/12/2004,44.3000
02/12/2004,44.1000
03/12/2004,44.0000
06/12/2004,43.5100
07/12/2004,43.6000
08/12/2004,44.1500
09/12/2004,44.1200
10/12/2004,44.5200
13/12/2004,44.1500
14/12/2004,44.0500
15/12/2004,43.8600
16/12/2004,43.7500
17/12/2004,43.8800
20/12/2004,43.8500
21/12/2004,43.6600
22/12/2004,43.8000
23/12/2004,43.6100
24/12/2004,43.6300
27/12/2004,43.7500
28/12/2004,43.6300
29/12/2004,43.6700
30/12/2004,43.6200
31/12/2004,43.2700
03/01/2005,43.3500
04/01/2005,43.4700
05/01/2005,43.6000
06/01/2005,43.7500
07/01/2005,43.6300
10/01/2005,43.8200
11/01/2005,43.6800
12/01/2005,43.5300
13/01/2005,43.5200
14/01/2005,43.5500
17/01/2005,
18/01/2005,43.5900
19/01/2005,43.6100
20/01/2005,43.7000
21/01/2005,43.6400
24/01/2005,43.6500
25/01/2005,43.6500
26/01/2005,43.6500
27/01/2005,43.6500
28/01/2005,43.6600
31/01/2005,43.6000
01/02/2005,43.6600
02/02/2005,43.2800
03/02/2005,43.3000
04/02/2005,43.3400
07/02/2005,43.3800
08/02/2005,43.5800
09/02/2005,43.6200
10/02/2005,43.6800
11/02/2005,43.7000
14/02/2005,43.6400
15/02/2005,43.7100
16/02/2005,43.6500
17/02/2005,43.6800
18/02/2005,43.7300
21/02/2005,
22/02/2005,43.6300
23/02/2005,43.6100
24/02/2005,43.5700
25/02/2005,43.6100
28/02/2005,43.5700
01/03/2005,43.5800
02/03/2005,43.5900
03/03/2005,43.5800
04/03/2005,43.6400
07/03/2005,43.5800
08/03/2005,43.5800
09/03/2005,43.5500
10/03/2005,43.4800
11/03/2005,43.4500
14/03/2005,43.4400
15/03/2005,43.4600
16/03/2005,43.5000
17/03/2005,43.5500
18/03/2005,43.6700
21/03/2005,43.6100
22/03/2005,43.6100
23/03/2005,43.6600
24/03/2005,43.6500
25/03/2005,43.6200
28/03/2005,43.6700
29/03/2005,43.7000
30/03/2005,43.6900
31/03/2005,43.6200
01/04/2005,43.6200
04/04/2005,43.6800
05/04/2005,43.6900
06/04/2005,43.7200
07/04/2005,43.6900
08/04/2005,43.6600
11/04/2005,43.6000
12/04/2005,43.6200
13/04/2005,43.6500
14/04/2005,43.6400
15/04/2005,43.7000
18/04/2005,43.6200
19/04/2005,43.7000
20/04/2005,43.5800
21/04/2005,43.6800
22/04/2005,43.6600
25/04/2005,43.6100
26/04/2005,43.6000
27/04/2005,43.6000
28/04/2005,43.6800
29/04/2005,43.4800
02/05/2005,43.4600
03/05/2005,43.5600
04/05/2005,43.4000
05/05/2005,43.3300
06/05/2005,43.3500
09/05/2005,43.4500
10/05/2005,43.3600
11/05/2005,43.2100
12/05/2005,43.3000
13/05/2005,43.3500
16/05/2005,43.3800
17/05/2005,43.4100
18/05/2005,43.4300
19/05/2005,43.4500
20/05/2005,43.3400
23/05/2005,43.4500
24/05/2005,43.4500
25/05/2005,43.4300
26/05/2005,43.4600
27/05/2005,43.4100
30/05/2005,
31/05/2005,43.6200
01/06/2005,43.7100
02/06/2005,43.6400
03/06/2005,43.5000
06/06/2005,43.5800
07/06/2005,43.5300
08/06/2005,43.4600
09/06/2005,43.4600
10/06/2005,43.4800
13/06/2005,43.6000
14/06/2005,43.5700
15/06/2005,43.5600
16/06/2005,43.5500
17/06/2005,43.5000
20/06/2005,43.5300
21/06/2005,43.5000
22/06/2005,43.4500
23/06/2005,43.5100
24/06/2005,43.5000
27/06/2005,43.4400
28/06/2005,43.4600
29/06/2005,43.5000
30/06/2005,43.5100
01/07/2005,43.4500
04/07/2005,
05/07/2005,43.5500
06/07/2005,43.4500
07/07/2005,43.5900
08/07/2005,43.5100
11/07/2005,43.5100
12/07/2005,43.4500
13/07/2005,43.4600
14/07/2005,43.4800
15/07/2005,43.4500
18/07/2005,43.4700
19/07/2005,43.4800
20/07/2005,43.4600
21/07/2005,43.0500
22/07/2005,43.4000
25/07/2005,43.4500
26/07/2005,43.4100
27/07/2005,43.3400
28/07/2005,43.3200
29/07/2005,43.4000
01/08/2005,43.3700
02/08/2005,43.4100
03/08/2005,43.3600
04/08/2005,43.4300
05/08/2005,43.4200
08/08/2005,43.4400
09/08/2005,43.4600
10/08/2005,43.5400
11/08/2005,43.5000
12/08/2005,43.4800
15/08/2005,43.4500
16/08/2005,43.4500
17/08/2005,43.4600
18/08/2005,43.5000
19/08/2005,43.5100
22/08/2005,43.5800
23/08/2005,43.5700
24/08/2005,43.6900
25/08/2005,43.6000
26/08/2005,43.6000
29/08/2005,43.8600
30/08/2005,43.9700
31/08/2005,44.0000
01/09/2005,43.9400
02/09/2005,43.8700
05/09/2005,
06/09/2005,43.8200
07/09/2005,43.7900
08/09/2005,43.7800
09/09/2005,43.7600
12/09/2005,43.7500
13/09/2005,43.8200
14/09/2005,43.8300
15/09/2005,43.8200
16/09/2005,43.8100
19/09/2005,43.8200
20/09/2005,43.8200
21/09/2005,43.8500
22/09/2005,43.8000
23/09/2005,43.8000
26/09/2005,43.8600
27/09/2005,43.9600
28/09/2005,43.9800
29/09/2005,43.9500
30/09/2005,43.9400
03/10/2005,44.0000
04/10/2005,44.1000
05/10/2005,44.2100
06/10/2005,44.1800
07/10/2005,44.3000
10/10/2005,
11/10/2005,44.7800
12/10/2005,44.7400
13/10/2005,44.8800
14/10/2005,44.7600
17/10/2005,44.8100
18/10/2005,45.0500
19/10/2005,45.1000
20/10/2005,45.1100
21/10/2005,45.0100
24/10/2005,45.1100
25/10/2005,44.9600
26/10/2005,45.0100
27/10/2005,44.9400
28/10/2005,45.0100
31/10/2005,45.0900
01/11/2005,45.0200
02/11/2005,45.1800
03/11/2005,45.2300
04/11/2005,45.4300
07/11/2005,45.7800
08/11/2005,45.7200
09/11/2005,45.7300
10/11/2005,45.6900
11/11/2005,
14/11/2005,45.6200
15/11/2005,45.6100
16/11/2005,45.7300
17/11/2005,45.6700
18/11/2005,45.7000
21/11/2005,45.7000
22/11/2005,45.7800
23/11/2005,45.7100
24/11/2005,
25/11/2005,45.7700
28/11/2005,45.8500
29/11/2005,45.8400
30/11/2005,45.8700
01/12/2005,45.9700
02/12/2005,46.1100
05/12/2005,46.2600
06/12/2005,46.1300
07/12/2005,46.1700
08/12/2005,46.1800
09/12/2005,46.1100
12/12/2005,46.0000
13/12/2005,46.0100
14/12/2005,45.6300
15/12/2005,45.2800
16/12/2005,45.1900
19/12/2005,44.9400
20/12/2005,45.1400
21/12/2005,45.1700
22/12/2005,45.1400
23/12/2005,45.1100
26/12/2005,
27/12/2005,45.1700
28/12/2005,45.0600
29/12/2005,45.1100
30/12/2005,44.9500
02/01/2006,
03/01/2006,44.9200
04/01/2006,44.7300
05/01/2006,44.6000
06/01/2006,44.3200
09/01/2006,44.2000
10/01/2006,44.1400
11/01/2006,43.8900
12/01/2006,43.9900
13/01/2006,44.1000
16/01/2006,
17/01/2006,44.2300
18/01/2006,44.2900
19/01/2006,44.1400
20/01/2006,44.1000
23/01/2006,44.1000
24/01/2006,44.1900
25/01/2006,44.0800
26/01/2006,44.0000
27/01/2006,44.0000
30/01/2006,44.0400
31/01/2006,43.9600
01/02/2006,44.1300
02/02/2006,44.1600
03/02/2006,44.1400
06/02/2006,44.1400
07/02/2006,44.1500
08/02/2006,44.1700
09/02/2006,44.1000
10/02/2006,44.1000
13/02/2006,44.1700
14/02/2006,44.1500
15/02/2006,44.1500
16/02/2006,44.2500
17/02/2006,44.3300
20/02/2006,
21/02/2006,44.3600
22/02/2006,44.5400
23/02/2006,44.3600
24/02/2006,44.3500
27/02/2006,44.4100
28/02/2006,44.2100
01/03/2006,44.3500
02/03/2006,44.1800
03/03/2006,44.0900
06/03/2006,44.1800
07/03/2006,44.2400
08/03/2006,44.3600
09/03/2006,44.3000
10/03/2006,44.3100
13/03/2006,44.3800
14/03/2006,44.3700
15/03/2006,44.1100
16/03/2006,44.2900
17/03/2006,44.2600
20/03/2006,44.2500
21/03/2006,44.2900
22/03/2006,44.3600
23/03/2006,44.4300
24/03/2006,44.4900
27/03/2006,44.5800
28/03/2006,44.4900
29/03/2006,44.5300
30/03/2006,44.4500
31/03/2006,44.4800
03/04/2006,44.3900
04/04/2006,44.5800
05/04/2006,44.4200
06/04/2006,44.4900
07/04/2006,44.4600
10/04/2006,44.6600
11/04/2006,44.6800
12/04/2006,45.0900
13/04/2006,45.0500
14/04/2006,45.0200
17/04/2006,44.9700
18/04/2006,45.0800
19/04/2006,45.0100
20/04/2006,45.0600
21/04/2006,45.0500
24/04/2006,44.8600
25/04/2006,44.8800
26/04/2006,45.0400
27/04/2006,44.8400
28/04/2006,44.8600
01/05/2006,44.7700
02/05/2006,44.8200
03/05/2006,44.8100
04/05/2006,44.8100
05/05/2006,44.8500
08/05/2006,44.8200
09/05/2006,44.8400
10/05/2006,44.8400
11/05/2006,44.8800
12/05/2006,44.8900
15/05/2006,45.3700
16/05/2006,45.0500
17/05/2006,44.6900
18/05/2006,45.2600
19/05/2006,45.3500
22/05/2006,45.4200
23/05/2006,45.3800
24/05/2006,45.5600
25/05/2006,45.7400
26/05/2006,45.8100
29/05/2006,
30/05/2006,46.1300
31/05/2006,46.2200
01/06/2006,46.1900
02/06/2006,45.6700
05/06/2006,45.7000
06/06/2006,45.8000
07/06/2006,45.8900
08/06/2006,45.9100
09/06/2006,45.8100
12/06/2006,45.7100
13/06/2006,45.8100
14/06/2006,45.5000
15/06/2006,45.8300
16/06/2006,45.6900
19/06/2006,45.7600
20/06/2006,45.8000
21/06/2006,45.8000
22/06/2006,45.9900
23/06/2006,46.0100
26/06/2006,46.2200
27/06/2006,46.2100
28/06/2006,46.2500
29/06/2006,46.1300
30/06/2006,45.8700
03/07/2006,45.9200
04/07/2006,
05/07/2006,45.9200
06/07/2006,45.9900
07/07/2006,45.8400
10/07/2006,45.9700
11/07/2006,46.0100
12/07/2006,46.0900
13/07/2006,46.1600
14/07/2006,46.1900
17/07/2006,46.6400
18/07/2006,46.6100
19/07/2006,46.8100
20/07/2006,46.7500
21/07/2006,46.6400
24/07/2006,46.8300
25/07/2006,46.7600
26/07/2006,46.6800
27/07/2006,46.5200
28/07/2006,46.5300
31/07/2006,46.4900
01/08/2006,46.5100
02/08/2006,46.6100
03/08/2006,46.4800
04/08/2006,46.4200
07/08/2006,46.5100
08/08/2006,46.4700
09/08/2006,46.4000
10/08/2006,46.3200
11/08/2006,46.5000
14/08/2006,46.5200
15/08/2006,46.4700
16/08/2006,46.4700
17/08/2006,46.3600
18/08/2006,46.3800
21/08/2006,46.4000
22/08/2006,46.4400
23/08/2006,46.4500
24/08/2006,46.4200
25/08/2006,46.4100
28/08/2006,46.4700
29/08/2006,46.4500
30/08/2006,46.3700
31/08/2006,46.4300
01/09/2006,46.3800
04/09/2006,
05/09/2006,46.1900
06/09/2006,46.1300
07/09/2006,46.1400
08/09/2006,46.0600
11/09/2006,46.1900
12/09/2006,46.2700
13/09/2006,46.1800
14/09/2006,46.1200
15/09/2006,45.9500
18/09/2006,46.0900
19/09/2006,46.0800
20/09/2006,45.8300
21/09/2006,45.7400
22/09/2006,45.7700
25/09/2006,45.8300
26/09/2006,45.7700
27/09/2006,45.7600
28/09/2006,45.7800
29/09/2006,45.9500
02/10/2006,45.9700
03/10/2006,45.6800
04/10/2006,45.6500
05/10/2006,45.5700
06/10/2006,45.4200
09/10/2006,
10/10/2006,45.6700
11/10/2006,45.5500
12/10/2006,45.5200
13/10/2006,45.3100
16/10/2006,45.3500
17/10/2006,45.1900
18/10/2006,45.2800
19/10/2006,45.2200
20/10/2006,45.1800
23/10/2006,45.3000
24/10/2006,45.1800
25/10/2006,45.3600
26/10/2006,45.1900
27/10/2006,45.0700
30/10/2006,44.9000
31/10/2006,44.9000
01/11/2006,44.7900
02/11/2006,44.8200
03/11/2006,44.7600
06/11/2006,44.8000
07/11/2006,44.6200
08/11/2006,44.5900
09/11/2006,44.4600
10/11/2006,44.5500
13/11/2006,44.8300
14/11/2006,45.0500
15/11/2006,45.2600
16/11/2006,44.8200
17/11/2006,44.7500
20/11/2006,44.8900
21/11/2006,44.7700
22/11/2006,44.6200
23/11/2006,
24/11/2006,44.5900
27/11/2006,44.5600
28/11/2006,44.5800
29/11/2006,44.5400
30/11/2006,44.5900
01/12/2006,44.5000
04/12/2006,44.4900
05/12/2006,44.4200
06/12/2006,44.6000
07/12/2006,44.5200
08/12/2006,44.5300
11/12/2006,44.6900
12/12/2006,44.7000
13/12/2006,44.6800
14/12/2006,44.5600
15/12/2006,44.5400
18/12/2006,44.6300
19/12/2006,44.6100
20/12/2006,44.5500
21/12/2006,44.5100
22/12/2006,44.3700
25/12/2006,
26/12/2006,44.3200
27/12/2006,44.2000
28/12/2006,44.1400
29/12/2006,44.1100
01/01/2007,
02/01/2007,44.1300
03/01/2007,44.2400
04/01/2007,44.1600
05/01/2007,44.2000
08/01/2007,44.3200
09/01/2007,44.2700
10/01/2007,44.4400
11/01/2007,44.4900
12/01/2007,44.4300
15/01/2007,
16/01/2007,44.2000
17/01/2007,44.0900
18/01/2007,44.1500
19/01/2007,44.1500
22/01/2007,44.1100
23/01/2007,44.1400
24/01/2007,44.1500
25/01/2007,44.1500
26/01/2007,44.0800
29/01/2007,44.1300
30/01/2007,44.2300
31/01/2007,44.0700
01/02/2007,44.0100
02/02/2007,44.0000
05/02/2007,44.0300
06/02/2007,44.0300
07/02/2007,44.0100
08/02/2007,43.9800
09/02/2007,43.9300
12/02/2007,44.0000
13/02/2007,44.0200
14/02/2007,44.0000
15/02/2007,43.9100
16/02/2007,43.8700
19/02/2007,
20/02/2007,44.1200
21/02/2007,44.0000
22/02/2007,44.0500
23/02/2007,44.0800
26/02/2007,44.0400
27/02/2007,44.2100
28/02/2007,44.0800
01/03/2007,44.1100
02/03/2007,44.1000
05/03/2007,44.4300
06/03/2007,44.1800
07/03/2007,44.1800
08/03/2007,44.1900
09/03/2007,44.0700
12/03/2007,44.1100
13/03/2007,44.0800
14/03/2007,44.2500
15/03/2007,44.1900
16/03/2007,44.0800
19/03/2007,44.0400
20/03/2007,43.5300
21/03/2007,43.2800
22/03/2007,43.5200
23/03/2007,43.5600
26/03/2007,43.2000
27/03/2007,43.0300
28/03/2007,42.7800
29/03/2007,43.4500
30/03/2007,43.1000
02/04/2007,43.0500
03/04/2007,43.0400
04/04/2007,42.8400
05/04/2007,42.7600
06/04/2007,42.7400
09/04/2007,42.6500
10/04/2007,42.6500
11/04/2007,42.6900
12/04/2007,42.6500
13/04/2007,42.4200
16/04/2007,41.7500
17/04/2007,41.9800
18/04/2007,42.0000
19/04/2007,42.0800
20/04/2007,41.7000
23/04/2007,41.6500
24/04/2007,40.7500
25/04/2007,40.5800
26/04/2007,40.5600
27/04/2007,40.7900
30/04/2007,41.0400
01/05/2007,41.0000
02/05/2007,41.0400
03/05/2007,40.8200
04/05/2007,40.5800
07/05/2007,40.5300
08/05/2007,40.6400
09/05/2007,40.6700
10/05/2007,41.0400
11/05/2007,40.7400
14/05/2007,40.5900
15/05/2007,40.6400
16/05/2007,40.5800
17/05/2007,40.5900
18/05/2007,40.3600
21/05/2007,40.4800
22/05/2007,40.1400
23/05/2007,40.2800
24/05/2007,40.4300
25/05/2007,40.2800
28/05/2007,
29/05/2007,40.1900
30/05/2007,40.5300
31/05/2007,40.3600
01/06/2007,40.2700
04/06/2007,40.5000
05/06/2007,40.2800
06/06/2007,40.4100
07/06/2007,40.5100
08/06/2007,40.8200
11/06/2007,40.5500
12/06/2007,40.4800
13/06/2007,40.7000
14/06/2007,40.6600
15/06/2007,40.5200
18/06/2007,40.5000
19/06/2007,40.5800
20/06/2007,40.5900
21/06/2007,40.5900
22/06/2007,40.5500
25/06/2007,40.7300
26/06/2007,40.9000
27/06/2007,40.8800
28/06/2007,40.8000
29/06/2007,40.5800
02/07/2007,40.4200
03/07/2007,40.4100
04/07/2007,
05/07/2007,40.3400
06/07/2007,40.3600
09/07/2007,40.3700
10/07/2007,40.3000
11/07/2007,40.3100
12/07/2007,40.2800
13/07/2007,40.2600
16/07/2007,40.2200
17/07/2007,40.2300
18/07/2007,40.2300
19/07/2007,40.2600
20/07/2007,40.1800
23/07/2007,40.1200
24/07/2007,40.1500
25/07/2007,40.2400
26/07/2007,40.2400
27/07/2007,40.3800
30/07/2007,40.2700
31/07/2007,40.1800
01/08/2007,40.2500
02/08/2007,40.3600
03/08/2007,40.2500
06/08/2007,40.2500
07/08/2007,40.2600
08/08/2007,40.2900
09/08/2007,40.4000
10/08/2007,40.4500
13/08/2007,40.4000
14/08/2007,40.8000
15/08/2007,40.5500
16/08/2007,41.1500
17/08/2007,41.0400
20/08/2007,40.9100
21/08/2007,41.0100
22/08/2007,40.7700
23/08/2007,41.0000
24/08/2007,40.9000
27/08/2007,40.8800
28/08/2007,41.1000
29/08/2007,40.9500
30/08/2007,41.0200
31/08/2007,40.6300
03/09/2007,40.6300
04/09/2007,40.7600
05/09/2007,40.8100
06/09/2007,40.6000
07/09/2007,40.4000
10/09/2007,40.4800
11/09/2007,40.3600
12/09/2007,40.3400
13/09/2007,40.2500
14/09/2007,40.4000
17/09/2007,40.5200
18/09/2007,40.4500
19/09/2007,39.8100
20/09/2007,39.8700
21/09/2007,39.8400
24/09/2007,39.5000
25/09/2007,39.5500
26/09/2007,39.5000
27/09/2007,39.6500
28/09/2007,39.7500
01/10/2007,39.7000
02/10/2007,39.6500
03/10/2007,39.3800
04/10/2007,39.3700
05/10/2007,39.4700
08/10/2007,39.4700
09/10/2007,38.4800
10/10/2007,39.1300
11/10/2007,39.2000
12/10/2007,39.1600
15/10/2007,39.2900
16/10/2007,39.2300
17/10/2007,39.3500
18/10/2007,39.7200
19/10/2007,39.6000
22/10/2007,39.7200
23/10/2007,39.4800
24/10/2007,39.4900
25/10/2007,39.3500
26/10/2007,39.3000
29/10/2007,39.3200
30/10/2007,39.3000
31/10/2007,39.2600
01/11/2007,39.2200
02/11/2007,39.2500
05/11/2007,39.1800
06/11/2007,39.2300
07/11/2007,39.1500
08/11/2007,39.1300
09/11/2007,39.1100
12/11/2007,
13/11/2007,39.2200
14/11/2007,39.1800
15/11/2007,39.1800
16/11/2007,39.2400
19/11/2007,39.2300
20/11/2007,39.3200
21/11/2007,39.2900
22/11/2007,39.2900
23/11/2007,39.6500
26/11/2007,39.5800
27/11/2007,39.6800
28/11/2007,39.5600
29/11/2007,39.6500
30/11/2007,39.5200
03/12/2007,39.3900
04/12/2007,39.3300
05/12/2007,39.3100
06/12/2007,39.3900
07/12/2007,39.3600
10/12/2007,39.3000
11/12/2007,39.3100
12/12/2007,39.2900
13/12/2007,39.2900
14/12/2007,39.3000
17/12/2007,39.4900
18/12/2007,39.4800
19/12/2007,39.5500
20/12/2007,39.4100
21/12/2007,39.3000
24/12/2007,39.3800
25/12/2007,
26/12/2007,39.3800
27/12/2007,39.4000
28/12/2007,39.4300
31/12/2007,39.4100
01/01/2008,
02/01/2008,39.4100
03/01/2008,39.2600
04/01/2008,39.1500
07/01/2008,39.1500
08/01/2008,39.1300
09/01/2008,39.1300
10/01/2008,39.2700
11/01/2008,39.1500
14/01/2008,39.1400
15/01/2008,39.2600
16/01/2008,39.2900
17/01/2008,39.1600
18/01/2008,39.2000
21/01/2008,
22/01/2008,39.3800
23/01/2008,39.5500
24/01/2008,39.3700
25/01/2008,39.3300
28/01/2008,39.3500
29/01/2008,39.2800
30/01/2008,39.3500
31/01/2008,39.3100
01/02/2008,39.1200
04/02/2008,39.1300
05/02/2008,39.4000
06/02/2008,39.4900
07/02/2008,39.4300
08/02/2008,39.6100
11/02/2008,39.6000
12/02/2008,39.5600
13/02/2008,39.7500
14/02/2008,39.5700
15/02/2008,39.6500
18/02/2008,
19/02/2008,39.9100
20/02/2008,40.1100
21/02/2008,39.8300
22/02/2008,40.0400
25/02/2008,39.9000
26/02/2008,39.8900
27/02/2008,39.6800
28/02/2008,39.8400
29/02/2008,39.9600
03/03/2008,40.3300
04/03/2008,40.2700
05/03/2008,40.1900
06/03/2008,40.1300
07/03/2008,40.4200
10/03/2008,40.3900
11/03/2008,40.2300
12/03/2008,40.0200
13/03/2008,40.1800
14/03/2008,40.4000
17/03/2008,40.4600
18/03/2008,40.2000
19/03/2008,40.0000
20/03/2008,40.3200
21/03/2008,39.8600
24/03/2008,40.0300
25/03/2008,39.9300
26/03/2008,39.9600
27/03/2008,39.9500
28/03/2008,39.7600
31/03/2008,40.0200
01/04/2008,39.8800
02/04/2008,39.8800
03/04/2008,39.9400
04/04/2008,39.9300
07/04/2008,39.9600
08/04/2008,39.9000
09/04/2008,39.9100
10/04/2008,39.8900
11/04/2008,39.8400
14/04/2008,39.8600
15/04/2008,39.8300
16/04/2008,39.8900
17/04/2008,39.7900
18/04/2008,39.7300
21/04/2008,39.9200
22/04/2008,39.9300
23/04/2008,40.0000
24/04/2008,40.1400
25/04/2008,40.1300
28/04/2008,40.1000
29/04/2008,40.3700
30/04/2008,40.4500
01/05/2008,40.5800
02/05/2008,40.5500
05/05/2008,40.4500
06/05/2008,40.8000
07/05/2008,41.3000
08/05/2008,41.6600
09/05/2008,41.5500
12/05/2008,42.0000
13/05/2008,42.0800
14/05/2008,42.3400
15/05/2008,42.6000
16/05/2008,42.5000
19/05/2008,42.4600
20/05/2008,42.5000
21/05/2008,42.7700
22/05/2008,42.9300
23/05/2008,42.6800
26/05/2008,
27/05/2008,42.8600
28/05/2008,42.7500
29/05/2008,42.5300
30/05/2008,42.1500
02/06/2008,42.3800
03/06/2008,42.5000
04/06/2008,42.6000
05/06/2008,42.8200
06/06/2008,42.6300
09/06/2008,42.8500
10/06/2008,42.9200
11/06/2008,42.6500
12/06/2008,42.7000
13/06/2008,42.8600
16/06/2008,42.9300
17/06/2008,42.8600
18/06/2008,42.8000
19/06/2008,42.9100
20/06/2008,42.8600
23/06/2008,42.9700
24/06/2008,42.7500
25/06/2008,42.7300
26/06/2008,42.6000
27/06/2008,42.7800
30/06/2008,42.9300
01/07/2008,43.2300
02/07/2008,43.1500
03/07/2008,43.1700
04/07/2008,
07/07/2008,43.2900
08/07/2008,43.2300
09/07/2008,43.0200
10/07/2008,42.9400
11/07/2008,42.8000
14/07/2008,42.8000
15/07/2008,43.1200
16/07/2008,43.0500
17/07/2008,42.7000
18/07/2008,42.6600
21/07/2008,42.5700
22/07/2008,42.6500
23/07/2008,42.0500
24/07/2008,42.1000
25/07/2008,41.1000
28/07/2008,42.5200
29/07/2008,42.5600
30/07/2008,42.2800
31/07/2008,42.4700
01/08/2008,42.2600
04/08/2008,42.4500
05/08/2008,42.1500
06/08/2008,42.0100
07/08/2008,42.0500
08/08/2008,42.0500
11/08/2008,42.0600
12/08/2008,42.3400
13/08/2008,42.5500
14/08/2008,43.0000
15/08/2008,42.8000
18/08/2008,43.4900
19/08/2008,43.5100
20/08/2008,43.6100
21/08/2008,43.4300
22/08/2008,43.3200
25/08/2008,43.6800
26/08/2008,43.7400
27/08/2008,43.6200
28/08/2008,43.6500
29/08/2008,43.2500
01/09/2008,
02/09/2008,44.4000
03/09/2008,43.9500
04/09/2008,44.2600
05/09/2008,44.6300
08/09/2008,44.5000
09/09/2008,44.8300
10/09/2008,45.1400
11/09/2008,45.4600
12/09/2008,45.6200
15/09/2008,45.9300
16/09/2008,46.8100
17/09/2008,46.1600
18/09/2008,46.3600
19/09/2008,45.7100
22/09/2008,45.3000
23/09/2008,45.6500
24/09/2008,45.9200
25/09/2008,46.0800
26/09/2008,46.4800
29/09/2008,46.4900
30/09/2008,46.4500
01/10/2008,46.4700
02/10/2008,46.6300
03/10/2008,47.0100
06/10/2008,47.7700
07/10/2008,47.7800
08/10/2008,48.0000
09/10/2008,48.0000
10/10/2008,48.4100
13/10/2008,
14/10/2008,47.9300
15/10/2008,48.5300
16/10/2008,48.8800
17/10/2008,48.8800
20/10/2008,48.9600
21/10/2008,49.1000
22/10/2008,49.2500
23/10/2008,49.8200
24/10/2008,49.9600
27/10/2008,49.8000
28/10/2008,49.5700
29/10/2008,49.7100
30/10/2008,49.6800
31/10/2008,49.4000
03/11/2008,48.6100
04/11/2008,47.2500
05/11/2008,47.2800
06/11/2008,47.6400
07/11/2008,47.5400
10/11/2008,47.3000
11/11/2008,
12/11/2008,49.2000
13/11/2008,49.0000
14/11/2008,48.7800
17/11/2008,49.1900
18/11/2008,49.5100
19/11/2008,49.8400
20/11/2008,50.1200
21/11/2008,49.5300
24/11/2008,49.9400
25/11/2008,49.8700
26/11/2008,49.1800
27/11/2008,
28/11/2008,49.5500
01/12/2008,49.9400
02/12/2008,50.0500
03/12/2008,49.9200
04/12/2008,49.8200
05/12/2008,49.6000
08/12/2008,49.4400
09/12/2008,49.2800
10/12/2008,48.7000
11/12/2008,48.1900
12/12/2008,48.2000
15/12/2008,47.6200
16/12/2008,47.8100
17/12/2008,47.5000
18/12/2008,46.7400
19/12/2008,47.0500
22/12/2008,47.7100
23/12/2008,48.6600
24/12/2008,47.7600
25/12/2008,
26/12/2008,48.4200
29/12/2008,48.2500
30/12/2008,48.0500
31/12/2008,48.5800
01/01/2009,
02/01/2009,48.2500
05/01/2009,48.5000
06/01/2009,48.5000
07/01/2009,48.5600
08/01/2009,48.4500
09/01/2009,48.2600
12/01/2009,48.7800
13/01/2009,48.8900
14/01/2009,48.7500
15/01/2009,48.8700
16/01/2009,48.6200
19/01/2009,
20/01/2009,49.0100
21/01/2009,49.0000
22/01/2009,49.0700
23/01/2009,49.0000
26/01/2009,48.5000
27/01/2009,48.8500
28/01/2009,48.8100
29/01/2009,48.4900
30/01/2009,48.8300
02/02/2009,48.8400
03/02/2009,48.3700
04/02/2009,48.6800
05/02/2009,48.7200
06/02/2009,48.6100
09/02/2009,48.5200
10/02/2009,48.6800
11/02/2009,48.7800
12/02/2009,48.7000
13/02/2009,48.5800
16/02/2009,
17/02/2009,49.6000
18/02/2009,49.8400
19/02/2009,49.7300
20/02/2009,49.7100
23/02/2009,49.4600
24/02/2009,49.7500
25/02/2009,49.9500
26/02/2009,50.3200
27/02/2009,50.8800
02/03/2009,51.8000
03/03/2009,51.9600
04/03/2009,51.5300
05/03/2009,51.6000
06/03/2009,51.6800
09/03/2009,51.9100
10/03/2009,51.3500
11/03/2009,50.9800
12/03/2009,51.6900
13/03/2009,51.5400
16/03/2009,51.3100
17/03/2009,51.4200
18/03/2009,51.2200
19/03/2009,50.2100
20/03/2009,50.5100
23/03/2009,50.3800
24/03/2009,50.4000
25/03/2009,50.5000
26/03/2009,50.4000
27/03/2009,50.4600
30/03/2009,51.1200
31/03/2009,50.8700
01/04/2009,50.4800
02/04/2009,50.2200
03/04/2009,49.9100
06/04/2009,50.0100
07/04/2009,50.0000
08/04/2009,50.2800
09/04/2009,49.8200
10/04/2009,49.7800
13/04/2009,49.7700
14/04/2009,49.6200
15/04/2009,49.5500
16/04/2009,49.6300
17/04/2009,49.8000
20/04/2009,49.7800
21/04/2009,50.4500
22/04/2009,50.2000
23/04/2009,49.8800
24/04/2009,49.6900
27/04/2009,50.1500
28/04/2009,50.4700
29/04/2009,50.0500
30/04/2009,49.7000
01/05/2009,49.6500
04/05/2009,49.7500
05/05/2009,49.2200
06/05/2009,49.4000
07/05/2009,49.0900
08/05/2009,49.1300
11/05/2009,49.4400
12/05/2009,49.2100
13/05/2009,49.5800
14/05/2009,49.6500
15/05/2009,49.3800
18/05/2009,47.5800
19/05/2009,47.6500
20/05/2009,47.3000
21/05/2009,47.3000
22/05/2009,46.9500
25/05/2009,
26/05/2009,47.7000
27/05/2009,47.6100
28/05/2009,47.5000
29/05/2009,47.1100
01/06/2009,46.7800
02/06/2009,46.8400
03/06/2009,46.8800
04/06/2009,47.1900
05/06/2009,47.0500
08/06/2009,47.5000
09/06/2009,47.3000
10/06/2009,47.1800
11/06/2009,47.4900
12/06/2009,47.6000
15/06/2009,47.6700
16/06/2009,47.6100
17/06/2009,47.9600
18/06/2009,48.1800
19/06/2009,48.0000
22/06/2009,48.5000
23/06/2009,48.4500
24/06/2009,48.4000
25/06/2009,48.5000
26/06/2009,48.0000
29/06/2009,48.0000
30/06/2009,47.7400
01/07/2009,47.7500
02/07/2009,47.9000
03/07/2009,47.8000
06/07/2009,48.5000
07/07/2009,48.4400
08/07/2009,48.8000
09/07/2009,48.5700
10/07/2009,48.7600
13/07/2009,49.1600
14/07/2009,48.9550
15/07/2009,48.5500
16/07/2009,48.6100
17/07/2009,48.5600
20/07/2009,48.1000
21/07/2009,48.2000
22/07/2009,48.4500
23/07/2009,48.2500
24/07/2009,48.1600
27/07/2009,48.1100
28/07/2009,48.2000
29/07/2009,48.2500
30/07/2009,48.3500
31/07/2009,47.9100
03/08/2009,47.4000
04/08/2009,47.4600
05/08/2009,47.2700
06/08/2009,47.5200
07/08/2009,47.7200
10/08/2009,47.7000
11/08/2009,47.8800
12/08/2009,48.2200
13/08/2009,48.1100
14/08/2009,48.1800
17/08/2009,48.8200
18/08/2009,48.7900
19/08/2009,48.7000
20/08/2009,48.5800
21/08/2009,48.4300
24/08/2009,48.5000
25/08/2009,48.7550
26/08/2009,48.9000
27/08/2009,48.8100
28/08/2009,48.5200
31/08/2009,48.8300
01/09/2009,49.0500
02/09/2009,48.8800
03/09/2009,48.8700
04/09/2009,48.8600
07/09/2009,
08/09/2009,48.4000
09/09/2009,48.3300
10/09/2009,48.4500
11/09/2009,48.3900
14/09/2009,48.6700
15/09/2009,48.5000
16/09/2009,48.2000
17/09/2009,48.1000
18/09/2009,48.0200
21/09/2009,47.9500
22/09/2009,47.8600
23/09/2009,47.9000
24/09/2009,47.8900
25/09/2009,47.9300
28/09/2009,47.7500
29/09/2009,48.0500
30/09/2009,48.0900
01/10/2009,47.7200
02/10/2009,47.6100
05/10/2009,47.3900
06/10/2009,46.7900
07/10/2009,46.5800
08/10/2009,46.2000
09/10/2009,46.4400
12/10/2009,
13/10/2009,46.2800
14/10/2009,46.0000
15/10/2009,46.0400
16/10/2009,46.2000
19/10/2009,46.0200
20/10/2009,46.2400
21/10/2009,46.3400
22/10/2009,46.5900
23/10/2009,46.4100
26/10/2009,46.6800
27/10/2009,46.9300
28/10/2009,47.1600
29/10/2009,47.1800
30/10/2009,46.9000
02/11/2009,46.8100
03/11/2009,47.3700
04/11/2009,46.9400
05/11/2009,46.9300
06/11/2009,46.8300
09/11/2009,46.3600
10/11/2009,46.3000
11/11/2009,
12/11/2009,46.6000
13/11/2009,46.2400
16/11/2009,46.0600
17/11/2009,46.2000
18/11/2009,46.2000
19/11/2009,46.7300
20/11/2009,46.6300
23/11/2009,46.4000
24/11/2009,46.3100
25/11/2009,46.1800
26/11/2009,
27/11/2009,46.5500
30/11/2009,46.4400
01/12/2009,46.2100
02/12/2009,46.2400
03/12/2009,46.0000
04/12/2009,46.1000
07/12/2009,46.4500
08/12/2009,46.6000
09/12/2009,46.5100
10/12/2009,46.5000
11/12/2009,46.4700
14/12/2009,46.6500
15/12/2009,46.7000
16/12/2009,46.5700
17/12/2009,46.8500
18/12/2009,46.6900
21/12/2009,46.8000
22/12/2009,46.7800
23/12/2009,46.8000
24/12/2009,46.7200
25/12/2009,
28/12/2009,46.4400
29/12/2009,46.5600
30/12/2009,46.5600
31/12/2009,46.4000
01/01/2010,
04/01/2010,46.2700
05/01/2010,46.1300
06/01/2010,45.7200
07/01/2010,45.6700
08/01/2010,45.5000
11/01/2010,45.3500
12/01/2010,45.6000
13/01/2010,45.4700
14/01/2010,45.5500
15/01/2010,45.8000
18/01/2010,
19/01/2010,45.8400
20/01/2010,46.1000
21/01/2010,46.1000
22/01/2010,46.2100
25/01/2010,46.0600
26/01/2010,
27/01/2010,46.3000
28/01/2010,46.3500
29/01/2010,46.0800
01/02/2010,46.2700
02/02/2010,46.1100
03/02/2010,45.9700
04/02/2010,46.2100
05/02/2010,46.7200
08/02/2010,46.7900
09/02/2010,46.4900
10/02/2010,46.3600
11/02/2010,46.3900
12/02/2010,46.4400
15/02/2010,
16/02/2010,45.9900
17/02/2010,46.0000
18/02/2010,46.2000
19/02/2010,46.2400
22/02/2010,46.1500
23/02/2010,46.2500
24/02/2010,46.2700
25/02/2010,46.2900
26/02/2010,46.0500
01/03/2010,46.0100
02/03/2010,46.0100
03/03/2010,45.5500
04/03/2010,45.8200
05/03/2010,45.4900
08/03/2010,45.5000
09/03/2010,45.6000
10/03/2010,45.3500
11/03/2010,45.4900
12/03/2010,45.4800
15/03/2010,45.5500
16/03/2010,45.4500
17/03/2010,45.2800
18/03/2010,45.4500
19/03/2010,45.3100
22/03/2010,45.5200
23/03/2010,45.5000
24/03/2010,45.4000
25/03/2010,45.5000
26/03/2010,45.1600
29/03/2010,44.9400
30/03/2010,45.0600
31/03/2010,44.9500
01/04/2010,44.7900
02/04/2010,44.7400
05/04/2010,44.3900
06/04/2010,44.4100
07/04/2010,44.4400
08/04/2010,44.4100
09/04/2010,44.1000
12/04/2010,44.4100
13/04/2010,44.4675
14/04/2010,44.2000
15/04/2010,44.3200
16/04/2010,44.3000
19/04/2010,44.7200
20/04/2010,44.5000
21/04/2010,44.5400
22/04/2010,44.5200
23/04/2010,44.4200
26/04/2010,44.3300
27/04/2010,44.4100
28/04/2010,44.5400
29/04/2010,44.6100
30/04/2010,44.2000
03/05/2010,44.4600
04/05/2010,44.6200
05/05/2010,44.8200
06/05/2010,45.2900
07/05/2010,45.4000
10/05/2010,44.8400
11/05/2010,45.1000
12/05/2010,45.0800
13/05/2010,45.0000
14/05/2010,45.2000
17/05/2010,45.5100
18/05/2010,45.5100
19/05/2010,46.2700
20/05/2010,46.8000
21/05/2010,46.9000
24/05/2010,46.9700
25/05/2010,47.4900
26/05/2010,47.1000
27/05/2010,46.7100
28/05/2010,46.3100
31/05/2010,
01/06/2010,47.0800
02/06/2010,46.8900
03/06/2010,46.5500
04/06/2010,46.8500
07/06/2010,47.0800
08/06/2010,46.8200
09/06/2010,46.9500
10/06/2010,46.8900
11/06/2010,46.7600
14/06/2010,46.4000
15/06/2010,46.4100
16/06/2010,46.4300
17/06/2010,46.2200
18/06/2010,45.9600
21/06/2010,45.6400
22/06/2010,46.0000
23/06/2010,46.1850
24/06/2010,46.4775
25/06/2010,46.3600
28/06/2010,46.2000
29/06/2010,46.4000
30/06/2010,46.4100
01/07/2010,46.5900
02/07/2010,46.5500
05/07/2010,
06/07/2010,46.7600
07/07/2010,46.9600
08/07/2010,46.8650
09/07/2010,46.6600
12/07/2010,46.6600
13/07/2010,46.7400
14/07/2010,46.7100
15/07/2010,46.5000
16/07/2010,46.7000
19/07/2010,47.1000
20/07/2010,47.2300
21/07/2010,47.0800
22/07/2010,47.1200
23/07/2010,46.9000
26/07/2010,47.0400
27/07/2010,46.2500
28/07/2010,46.7000
29/07/2010,46.5300
30/07/2010,46.3500
02/08/2010,46.0900
03/08/2010,46.1100
04/08/2010,46.0200
05/08/2010,46.0600
06/08/2010,45.9400
09/08/2010,46.0700
10/08/2010,46.3000
11/08/2010,46.6600
12/08/2010,46.7000
13/08/2010,46.6100
16/08/2010,46.6800
17/08/2010,46.6000
18/08/2010,46.5400
19/08/2010,46.3500
20/08/2010,45.7000
23/08/2010,46.5000
24/08/2010,46.8600
25/08/2010,46.8700
26/08/2010,46.7800
27/08/2010,46.8000
30/08/2010,46.8700
31/08/2010,47.0200
01/09/2010,46.7400
02/09/2010,46.6500
03/09/2010,46.5800
06/09/2010,
07/09/2010,46.8200
08/09/2010,46.5000
09/09/2010,46.3000
10/09/2010,46.2800
13/09/2010,46.2600
14/09/2010,46.1500
15/09/2010,46.2300
16/09/2010,46.1400
17/09/2010,45.8800
20/09/2010,45.6500
21/09/2010,45.5900
22/09/2010,45.5600
23/09/2010,45.5600
24/09/2010,45.1000
27/09/2010,44.9400
28/09/2010,45.0400
29/09/2010,44.8000
30/09/2010,44.5600
01/10/2010,44.4100
04/10/2010,44.5500
05/10/2010,44.4600
06/10/2010,44.2500
07/10/2010,44.2100
08/10/2010,44.3900
11/10/2010,
12/10/2010,44.5500
13/10/2010,44.3500
14/10/2010,44.0500
15/10/2010,44.1500
18/10/2010,44.2600
19/10/2010,44.3000
20/10/2010,44.2500
21/10/2010,44.2500
22/10/2010,44.5200
25/10/2010,44.3900
26/10/2010,44.5400
27/10/2010,44.4000
28/10/2010,44.3600
29/10/2010,44.4400
01/11/2010,44.3600
02/11/2010,44.0000
03/11/2010,44.3800
04/11/2010,44.0800
05/11/2010,43.9000
08/11/2010,44.2900
09/11/2010,44.2500
10/11/2010,44.2800
11/11/2010,
12/11/2010,44.7800
15/11/2010,45.1100
16/11/2010,45.5100
17/11/2010,45.0900
18/11/2010,45.1400
19/11/2010,45.2500
22/11/2010,45.4800
23/11/2010,45.5600
24/11/2010,45.7200
25/11/2010,
26/11/2010,45.8200
29/11/2010,45.8000
30/11/2010,45.8300
01/12/2010,45.2900
02/12/2010,45.0900
03/12/2010,44.9000
06/12/2010,44.8900
07/12/2010,44.7000
08/12/2010,45.0000
09/12/2010,45.1300
10/12/2010,45.1000
13/12/2010,45.1800
14/12/2010,45.0100
15/12/2010,45.3800
16/12/2010,45.5400
17/12/2010,45.1600
20/12/2010,45.4000
21/12/2010,45.1900
22/12/2010,45.0500
23/12/2010,45.0600
24/12/2010,
27/12/2010,45.2600
28/12/2010,45.0000
29/12/2010,44.9700
30/12/2010,44.8000
31/12/2010,
03/01/2011,44.5900
04/01/2011,44.9000
05/01/2011,45.3500
06/01/2011,45.1500
07/01/2011,45.3500
10/01/2011,45.3600
11/01/2011,45.0800
12/01/2011,45.0200
13/01/2011,45.0200
14/01/2011,45.4100
17/01/2011,
18/01/2011,45.3200
19/01/2011,45.5000
20/01/2011,45.7700
21/01/2011,45.5800
24/01/2011,45.5100
25/01/2011,45.7000
26/01/2011,45.4600
27/01/2011,45.6800
28/01/2011,45.8300
31/01/2011,45.9200
01/02/2011,45.6500
02/02/2011,45.5500
03/02/2011,45.6600
04/02/2011,45.6000
07/02/2011,45.3500
08/02/2011,45.1500
09/02/2011,45.3600
10/02/2011,45.6400
11/02/2011,45.6000
14/02/2011,45.4400
15/02/2011,45.4100
16/02/2011,45.4000
17/02/2011,45.2500
18/02/2011,45.1000
21/02/2011,
22/02/2011,45.1500
23/02/2011,45.0600
24/02/2011,45.4000
25/02/2011,45.2600
28/02/2011,45.1800
01/03/2011,44.8200
02/03/2011,44.8100
03/03/2011,45.0400
04/03/2011,44.8900
07/03/2011,44.9500
08/03/2011,45.0300
09/03/2011,44.8800
10/03/2011,45.1700
11/03/2011,45.2400
14/03/2011,44.9900
15/03/2011,45.2200
16/03/2011,45.0000
17/03/2011,45.1200
18/03/2011,45.0600
21/03/2011,44.9800
22/03/2011,44.9500
23/03/2011,44.8000
24/03/2011,44.6900
25/03/2011,44.6000
28/03/2011,44.8000
29/03/2011,44.7000
30/03/2011,44.7500
31/03/2011,44.5400
01/04/2011,44.4400
04/04/2011,44.3000
05/04/2011,44.3000
06/04/2011,44.0600
07/04/2011,44.1800
08/04/2011,44.0500
11/04/2011,44.3300
12/04/2011,44.1700
13/04/2011,44.4600
14/04/2011,44.3900
15/04/2011,44.2600
18/04/2011,44.3600
19/04/2011,44.4900
20/04/2011,44.3300
21/04/2011,44.2600
22/04/2011,44.3600
25/04/2011,44.4100
26/04/2011,44.5100
27/04/2011,44.0000
28/04/2011,44.4200
29/04/2011,44.2400
02/05/2011,44.2700
03/05/2011,44.4700
04/05/2011,44.3500
05/05/2011,44.7600
06/05/2011,44.7200
09/05/2011,44.6800
10/05/2011,44.7500
11/05/2011,44.5900
12/05/2011,44.9800
13/05/2011,44.8600
16/05/2011,45.1500
17/05/2011,45.1300
18/05/2011,45.0600
19/05/2011,44.9000
20/05/2011,44.9900
23/05/2011,45.2200
24/05/2011,45.2100
25/05/2011,45.3200
26/05/2011,45.3300
27/05/2011,45.1700
30/05/2011,
31/05/2011,45.0400
01/06/2011,44.8400
02/06/2011,44.8600
03/06/2011,44.8200
06/06/2011,44.7800
07/06/2011,44.6700
08/06/2011,44.7200
09/06/2011,44.6400
10/06/2011,44.7200
13/06/2011,44.8500
14/06/2011,44.7400
15/06/2011,44.7900
16/06/2011,44.8800
17/06/2011,44.7600
20/06/2011,44.9200
21/06/2011,44.8400
22/06/2011,44.8200
23/06/2011,44.8900
24/06/2011,44.9900
27/06/2011,44.9400
28/06/2011,45.0000
29/06/2011,44.7800
30/06/2011,44.5900
01/07/2011,44.6200
04/07/2011,
05/07/2011,44.3500
06/07/2011,44.4800
07/07/2011,44.3200
08/07/2011,44.4100
11/07/2011,44.4800
12/07/2011,44.6000
13/07/2011,44.5200
14/07/2011,44.5000
15/07/2011,44.5100
18/07/2011,44.6000
19/07/2011,44.4800
20/07/2011,44.4400
21/07/2011,44.4000
22/07/2011,44.3400
25/07/2011,44.3900
26/07/2011,44.1000
27/07/2011,44.1500
28/07/2011,44.0300
29/07/2011,44.2000
01/08/2011,44.0600
02/08/2011,44.2600
03/08/2011,44.3100
04/08/2011,44.5600
05/08/2011,44.7300
08/08/2011,45.0000
09/08/2011,45.2000
10/08/2011,45.2500
11/08/2011,45.2900
12/08/2011,45.3900
15/08/2011,45.2300
16/08/2011,45.2500
17/08/2011,45.3000
18/08/2011,45.7100
19/08/2011,45.6600
22/08/2011,45.5600
23/08/2011,45.6200
24/08/2011,45.8900
25/08/2011,46.0400
26/08/2011,46.1500
29/08/2011,45.9500
30/08/2011,46.0100
31/08/2011,45.7900
01/09/2011,45.6600
02/09/2011,45.7400
05/09/2011,
06/09/2011,46.0000
07/09/2011,46.0700
08/09/2011,46.2000
09/09/2011,46.6400
12/09/2011,47.2200
13/09/2011,47.4900
14/09/2011,47.5800
15/09/2011,47.5400
16/09/2011,47.2700
19/09/2011,47.7200
20/09/2011,47.9300
21/09/2011,48.3200
22/09/2011,49.4700
23/09/2011,49.3400
26/09/2011,49.4700
27/09/2011,48.9200
28/09/2011,48.9400
29/09/2011,48.9300
30/09/2011,49.0500
03/10/2011,49.0900
04/10/2011,49.3000
05/10/2011,49.2400
06/10/2011,49.1800
07/10/2011,48.8900
10/10/2011,
11/10/2011,49.2400
12/10/2011,48.9500
13/10/2011,49.2200
14/10/2011,48.8900
17/10/2011,49.0300
18/10/2011,49.3300
19/10/2011,49.1700
20/10/2011,49.8600
21/10/2011,49.8200
24/10/2011,49.7200
25/10/2011,49.4100
26/10/2011,49.4000
27/10/2011,49.0000
28/10/2011,48.6300
31/10/2011,48.6700
01/11/2011,49.2600
02/11/2011,49.1000
03/11/2011,49.0400
04/11/2011,48.9900
07/11/2011,48.9400
08/11/2011,49.3900
09/11/2011,50.0500
10/11/2011,49.9800
11/11/2011,
14/11/2011,50.3700
15/11/2011,50.6200
16/11/2011,50.6600
17/11/2011,50.9500
18/11/2011,51.2300
21/11/2011,52.0600
22/11/2011,52.4800
23/11/2011,52.2600
24/11/2011,
25/11/2011,52.2300
28/11/2011,51.9400
29/11/2011,51.9000
30/11/2011,52.1200
01/12/2011,51.3600
02/12/2011,50.5000
05/12/2011,51.3100
06/12/2011,51.2300
07/12/2011,51.6200
08/12/2011,51.7000
09/12/2011,51.8700
12/12/2011,52.6000
13/12/2011,53.0900
14/12/2011,53.7100
15/12/2011,53.5500
16/12/2011,52.4900
19/12/2011,52.6900
20/12/2011,52.7600
21/12/2011,52.3900
22/12/2011,52.5600
23/12/2011,52.7800
26/12/2011,
27/12/2011,52.9300
28/12/2011,52.8800
29/12/2011,53.0000
30/12/2011,53.0100
02/01/2012,
03/01/2012,53.1100
04/01/2012,52.8500
05/01/2012,52.8900
06/01/2012,52.6700
09/01/2012,52.3900
10/01/2012,51.5900
11/01/2012,51.7800
12/01/2012,51.5100
13/01/2012,51.4300
16/01/2012,
17/01/2012,50.6900
18/01/2012,50.4000
19/01/2012,50.3000
20/01/2012,50.2200
23/01/2012,49.9900
24/01/2012,50.0200
25/01/2012,50.1800
26/01/2012,49.4200
27/01/2012,49.3900
30/01/2012,49.6600
31/01/2012,49.5400
01/02/2012,49.2738
02/02/2012,49.0300
03/02/2012,48.6500
06/02/2012,49.0500
07/02/2012,49.2000
08/02/2012,49.2200
09/02/2012,49.3500
10/02/2012,49.4800
13/02/2012,49.1400
14/02/2012,49.4000
15/02/2012,49.3500
16/02/2012,49.4300
17/02/2012,49.3100
20/02/2012,
21/02/2012,49.2100
22/02/2012,49.2400
23/02/2012,49.1900
24/02/2012,48.9800
27/02/2012,49.1200
28/02/2012,49.0100
29/02/2012,48.9900
01/03/2012,49.1400
02/03/2012,49.5500
05/03/2012,49.8200
06/03/2012,50.3763
07/03/2012,50.2700
08/03/2012,50.1700
09/03/2012,49.7500
12/03/2012,49.9800
13/03/2012,49.9200
14/03/2012,50.0000
15/03/2012,50.2800
16/03/2012,50.1100
19/03/2012,50.1600
20/03/2012,50.4800
21/03/2012,50.6000
22/03/2012,51.2800
23/03/2012,51.1800
26/03/2012,51.0300
27/03/2012,50.6600
28/03/2012,50.9700
29/03/2012,51.3800
30/03/2012,50.8900
02/04/2012,50.7900
03/04/2012,50.6400
04/04/2012,51.1800
05/04/2012,51.1100
06/04/2012,51.1400
09/04/2012,51.1000
10/04/2012,51.4700
11/04/2012,51.5000
12/04/2012,51.2200
13/04/2012,51.4500
16/04/2012,51.6000
17/04/2012,51.4100
18/04/2012,51.7900
19/04/2012,52.0700
20/04/2012,52.0200
23/04/2012,52.3800
24/04/2012,52.6300
25/04/2012,52.4500
26/04/2012,52.4400
27/04/2012,52.4500
30/04/2012,52.6500
01/05/2012,52.5000
02/05/2012,52.9700
03/05/2012,53.3300
04/05/2012,53.4100
07/05/2012,52.9100
08/05/2012,53.1400
09/05/2012,53.7500
10/05/2012,53.2500
11/05/2012,53.6300
14/05/2012,53.9200
15/05/2012,53.9100
16/05/2012,54.3400
17/05/2012,54.3700
18/05/2012,54.4800
21/05/2012,54.9700
22/05/2012,55.3400
23/05/2012,55.9500
24/05/2012,55.5500
25/05/2012,55.3500
28/05/2012,
29/05/2012,55.7100
30/05/2012,56.1300
31/05/2012,56.3800
01/06/2012,55.4400
04/06/2012,55.6500
05/06/2012,55.5400
06/06/2012,55.2600
07/06/2012,54.9100
08/06/2012,55.3900
11/06/2012,55.6900
12/06/2012,55.6000
13/06/2012,55.5600
14/06/2012,55.7000
15/06/2012,55.3400
18/06/2012,55.8500
19/06/2012,55.8700
20/06/2012,56.2400
21/06/2012,56.2500
22/06/2012,57.1100
25/06/2012,57.1300
26/06/2012,56.9500
27/06/2012,56.9300
28/06/2012,56.8100
29/06/2012,55.5700
02/07/2012,55.4500
03/07/2012,54.3100
04/07/2012,
05/07/2012,54.9500
06/07/2012,55.4700
09/07/2012,55.8700
10/07/2012,55.3900
11/07/2012,55.5200
12/07/2012,55.8300
13/07/2012,55.1000
16/07/2012,55.0500
17/07/2012,55.0300
18/07/2012,55.3300
19/07/2012,55.1600
20/07/2012,55.2700
23/07/2012,55.9200
24/07/2012,56.2200
25/07/2012,56.1000
26/07/2012,55.5900
27/07/2012,55.3900
30/07/2012,55.4200
31/07/2012,55.5500
01/08/2012,55.4700
02/08/2012,55.8400
03/08/2012,55.7500
06/08/2012,55.5200
07/08/2012,55.0600
08/08/2012,55.2800
09/08/2012,55.1700
10/08/2012,55.1800
13/08/2012,55.3400
14/08/2012,55.6600
15/08/2012,55.6600
16/08/2012,55.6200
17/08/2012,55.6200
20/08/2012,55.5000
21/08/2012,55.4600
22/08/2012,55.5000
23/08/2012,55.1400
24/08/2012,55.4100
27/08/2012,55.6800
28/08/2012,55.6500
29/08/2012,55.6900
30/08/2012,55.6300
31/08/2012,55.5200
03/09/2012,
04/09/2012,55.6100
05/09/2012,55.8800
06/09/2012,55.6400
07/09/2012,55.2700
10/09/2012,55.4400
11/09/2012,55.2500
12/09/2012,55.2100
13/09/2012,55.3400
14/09/2012,53.3000
17/09/2012,53.8800
18/09/2012,53.9000
19/09/2012,53.9900
20/09/2012,54.2600
21/09/2012,53.4600
24/09/2012,53.4300
25/09/2012,53.3600
26/09/2012,53.5200
27/09/2012,52.9900
28/09/2012,52.9200
01/10/2012,52.4600
02/10/2012,52.4200
03/10/2012,52.2500
04/10/2012,51.7400
05/10/2012,51.7700
08/10/2012,
09/10/2012,52.7300
10/10/2012,53.0500
11/10/2012,52.6600
12/10/2012,52.8100
15/10/2012,53.0900
16/10/2012,52.8900
17/10/2012,52.8600
18/10/2012,53.4600
19/10/2012,54.0800
22/10/2012,53.5100
23/10/2012,53.7200
24/10/2012,53.7300
25/10/2012,53.5500
26/10/2012,53.5500
29/10/2012,54.1000
30/10/2012,53.9600
31/10/2012,53.8000
01/11/2012,53.7600
02/11/2012,53.7500
05/11/2012,54.6000
06/11/2012,54.4200
07/11/2012,54.3700
08/11/2012,54.3000
09/11/2012,54.6100
12/11/2012,
13/11/2012,54.8200
14/11/2012,54.8700
15/11/2012,54.6500
16/11/2012,55.1600
19/11/2012,55.0500
20/11/2012,55.1000
21/11/2012,55.1400
22/11/2012,
23/11/2012,55.4400
26/11/2012,55.6300
27/11/2012,55.3500
28/11/2012,55.7000
29/11/2012,54.7100
30/11/2012,54.2600
03/12/2012,54.6600
04/12/2012,54.7300
05/12/2012,54.4600
06/12/2012,54.3100
07/12/2012,54.3500
10/12/2012,54.4200
11/12/2012,54.3100
12/12/2012,54.2300
13/12/2012,54.3600
14/12/2012,54.4900
17/12/2012,54.6800
18/12/2012,54.9100
19/12/2012,54.6700
20/12/2012,54.9200
21/12/2012,55.0600
24/12/2012,54.9500
25/12/2012,
26/12/2012,54.8600
27/12/2012,54.9400
28/12/2012,54.7700
31/12/2012,54.8600
01/01/2013,
02/01/2013,54.2300
03/01/2013,54.4600
04/01/2013,54.9300
07/01/2013,55.2000
08/01/2013,55.0200
09/01/2013,54.7900
10/01/2013,54.4900
11/01/2013,54.8100
14/01/2013,54.5000
15/01/2013,54.5800
16/01/2013,54.6600
17/01/2013,54.3500
18/01/2013,53.8200
21/01/2013,
22/01/2013,53.7200
23/01/2013,53.6600
24/01/2013,53.6700
25/01/2013,53.7800
28/01/2013,53.9700
29/01/2013,53.6400
30/01/2013,53.2100
31/01/2013,53.3200
01/02/2013,53.1600
04/02/2013,53.2400
05/02/2013,52.9900
06/02/2013,53.0700
07/02/2013,53.2200
08/02/2013,53.5800
11/02/2013,53.9500
12/02/2013,53.7500
13/02/2013,53.7900
14/02/2013,53.9400
15/02/2013,54.2800
18/02/2013,
19/02/2013,54.2600
20/02/2013,54.1800
21/02/2013,54.4700
22/02/2013,54.2800
25/02/2013,53.9600
26/02/2013,54.1400
27/02/2013,53.7200
28/02/2013,54.3700
01/03/2013,54.9000
04/03/2013,54.9200
05/03/2013,54.8700
06/03/2013,54.8300
07/03/2013,54.4500
08/03/2013,54.3200
11/03/2013,54.3800
12/03/2013,54.1900
13/03/2013,54.3000
14/03/2013,54.2200
15/03/2013,54.0600
18/03/2013,54.1000
19/03/2013,54.4000
20/03/2013,54.3200
21/03/2013,54.2700
22/03/2013,54.3000
25/03/2013,54.2200
26/03/2013,54.4200
27/03/2013,54.4500
28/03/2013,54.4400
29/03/2013,54.5200
01/04/2013,54.2800
02/04/2013,54.4300
03/04/2013,54.4600
04/04/2013,54.9100
05/04/2013,54.7500
08/04/2013,54.5800
09/04/2013,54.4700
10/04/2013,54.4100
11/04/2013,54.3600
12/04/2013,54.6200
15/04/2013,54.4800
16/04/2013,54.0800
17/04/2013,54.1600
18/04/2013,53.9500
19/04/2013,53.9800
22/04/2013,54.1900
23/04/2013,54.3900
24/04/2013,54.2200
25/04/2013,54.1100
26/04/2013,54.4100
29/04/2013,54.2000
30/04/2013,53.6800
01/05/2013,53.6500
02/05/2013,53.7900
03/05/2013,53.8000
06/05/2013,54.1300
07/05/2013,54.0600
08/05/2013,54.0800
09/05/2013,54.3400
10/05/2013,54.9400
13/05/2013,54.8500
14/05/2013,54.5000
15/05/2013,54.7800
16/05/2013,54.6800
17/05/2013,55.1700
20/05/2013,55.0200
21/05/2013,55.4200
22/05/2013,55.6200
23/05/2013,55.7000
24/05/2013,55.7800
27/05/2013,
28/05/2013,56.0700
29/05/2013,56.2800
30/05/2013,56.5000
31/05/2013,56.5000
03/06/2013,56.6600
04/06/2013,56.4300
05/06/2013,56.8400
06/06/2013,56.9200
07/06/2013,56.5700
10/06/2013,58.1300
11/06/2013,58.3400
12/06/2013,57.8200
13/06/2013,58.0700
14/06/2013,57.5600
17/06/2013,57.9700
18/06/2013,58.7900
19/06/2013,58.7000
20/06/2013,59.5700
21/06/2013,59.4300
24/06/2013,59.8000
25/06/2013,59.6600
26/06/2013,60.7000
27/06/2013,60.1900
28/06/2013,59.5200
01/07/2013,59.3800
02/07/2013,59.5400
03/07/2013,60.2100
04/07/2013,
05/07/2013,60.2300
08/07/2013,60.7500
09/07/2013,60.0900
10/07/2013,59.8800
11/07/2013,59.8200
12/07/2013,59.8800
15/07/2013,59.8900
16/07/2013,59.2900
17/07/2013,59.3400
18/07/2013,59.5900
19/07/2013,59.3700
22/07/2013,59.7100
23/07/2013,59.6400
24/07/2013,59.1400
25/07/2013,59.0100
26/07/2013,59.0800
29/07/2013,59.3300
30/07/2013,60.8000
31/07/2013,60.7700
01/08/2013,60.4500
02/08/2013,60.8800
05/08/2013,60.8800
06/08/2013,60.7800
07/08/2013,61.2000
08/08/2013,60.7200
09/08/2013,60.3400
12/08/2013,61.1500
13/08/2013,61.3300
14/08/2013,61.2700
15/08/2013,61.4100
16/08/2013,61.6500
19/08/2013,63.1300
20/08/2013,63.2100
21/08/2013,64.1100
22/08/2013,64.5500
23/08/2013,63.2200
26/08/2013,64.2600
27/08/2013,66.2400
28/08/2013,68.8000
29/08/2013,66.5500
30/08/2013,65.7100
02/09/2013,
03/09/2013,67.7100
04/09/2013,67.0800
05/09/2013,66.0100
06/09/2013,65.2300
09/09/2013,65.2400
10/09/2013,63.8300
11/09/2013,63.2600
12/09/2013,63.4200
13/09/2013,63.3600
16/09/2013,62.8300
17/09/2013,63.3600
18/09/2013,63.3700
19/09/2013,61.7600
20/09/2013,62.2700
23/09/2013,62.5700
24/09/2013,62.7200
25/09/2013,62.2000
26/09/2013,61.6800
27/09/2013,62.4800
30/09/2013,62.5800
01/10/2013,62.4600
02/10/2013,62.4600
03/10/2013,61.9700
04/10/2013,61.4200
07/10/2013,61.7900
08/10/2013,61.7900
09/10/2013,61.9200
10/10/2013,61.3000
11/10/2013,61.0700
14/10/2013,
15/10/2013,61.8400
16/10/2013,61.7200
17/10/2013,61.1300
18/10/2013,61.2600
21/10/2013,61.5600
22/10/2013,61.6400
23/10/2013,61.5400
24/10/2013,61.4800
25/10/2013,61.4000
28/10/2013,61.5400
29/10/2013,61.3400
30/10/2013,61.0900
31/10/2013,61.6100
01/11/2013,61.8400
04/11/2013,61.7400
05/11/2013,61.7600
06/11/2013,62.4800
07/11/2013,62.4100
08/11/2013,62.4800
11/11/2013,
12/11/2013,63.7300
13/11/2013,63.2800
14/11/2013,63.1200
15/11/2013,62.9700
18/11/2013,62.0700
19/11/2013,62.2600
20/11/2013,62.3400
21/11/2013,62.9400
22/11/2013,62.7200
25/11/2013,62.3700
26/11/2013,62.4700
27/11/2013,62.4700
28/11/2013,
29/11/2013,62.3900
02/12/2013,62.3000
03/12/2013,62.3800
04/12/2013,61.9000
05/12/2013,61.6000
06/12/2013,61.4300
09/12/2013,60.8700
10/12/2013,61.0400
11/12/2013,61.3800
12/12/2013,61.8500
13/12/2013,62.1600
16/12/2013,61.6800
17/12/2013,61.9200
18/12/2013,62.0600
19/12/2013,62.1400
20/12/2013,61.9800
23/12/2013,61.8300
24/12/2013,61.7500
25/12/2013,
26/12/2013,62.1500
27/12/2013,61.9200
30/12/2013,61.7700
31/12/2013,61.9200
01/01/2014,
02/01/2014,62.3100
03/01/2014,62.1700
06/01/2014,62.3100
07/01/2014,62.3000
08/01/2014,62.0700
09/01/2014,62.0700
10/01/2014,61.4500
13/01/2014,61.5200
14/01/2014,61.5100
15/01/2014,61.5400
16/01/2014,61.5400
17/01/2014,61.5400
20/01/2014,
21/01/2014,61.9400
22/01/2014,61.8600
23/01/2014,62.1100
24/01/2014,62.6800
27/01/2014,63.0900
28/01/2014,62.5600
29/01/2014,62.4600
30/01/2014,62.5600
31/01/2014,62.6300
03/02/2014,62.6300
04/02/2014,62.2700
05/02/2014,62.5700
06/02/2014,62.1400
07/02/2014,62.0900
10/02/2014,62.4400
11/02/2014,62.1500
12/02/2014,61.8400
13/02/2014,62.2300
14/02/2014,61.8700
17/02/2014,
18/02/2014,62.2000
19/02/2014,62.3200
20/02/2014,62.2100
21/02/2014,62.1300
24/02/2014,62.0700
25/02/2014,61.9600
26/02/2014,62.1100
27/02/2014,62.1100
28/02/2014,61.7800
03/03/2014,62.1700
04/03/2014,61.9100
05/03/2014,61.7500
06/03/2014,60.8900
07/03/2014,61.2400
10/03/2014,60.8400
11/03/2014,61.0100
12/03/2014,61.0100
13/03/2014,61.2000
14/03/2014,61.1900
17/03/2014,61.0800
18/03/2014,61.1000
19/03/2014,60.9500
20/03/2014,61.3300
21/03/2014,60.9000
24/03/2014,60.7800
25/03/2014,60.2700
26/03/2014,60.1300
27/03/2014,60.2600
28/03/2014,59.8900
31/03/2014,60.0000
01/04/2014,59.8600
02/04/2014,59.9000
03/04/2014,60.3500
04/04/2014,60.0800
07/04/2014,60.1100
08/04/2014,60.0800
09/04/2014,60.0900
10/04/2014,60.0700
11/04/2014,60.1800
14/04/2014,60.3200
15/04/2014,60.3400
16/04/2014,60.2200
17/04/2014,60.2900
18/04/2014,60.2900
21/04/2014,60.5900
22/04/2014,60.8000
23/04/2014,61.1700
24/04/2014,61.1100
25/04/2014,60.6400
28/04/2014,60.6900
29/04/2014,60.2300
30/04/2014,60.2100
01/05/2014,60.1100
02/05/2014,60.0200
05/05/2014,60.2100
06/05/2014,59.9700
07/05/2014,60.0100
08/05/2014,60.0600
09/05/2014,60.0000
12/05/2014,59.4800
13/05/2014,59.4400
14/05/2014,59.4900
15/05/2014,59.3800
16/05/2014,58.6200
19/05/2014,58.3800
20/05/2014,58.5800
21/05/2014,58.6600
22/05/2014,58.3000
23/05/2014,58.3600
26/05/2014,
27/05/2014,58.9000
28/05/2014,58.9400
29/05/2014,58.9000
30/05/2014,59.1600
02/06/2014,59.1500
03/06/2014,59.3200
04/06/2014,59.3400
05/06/2014,59.2400
06/06/2014,59.1700
09/06/2014,59.1800
10/06/2014,59.1800
11/06/2014,59.3200
12/06/2014,59.1900
13/06/2014,59.6400
16/06/2014,60.1600
17/06/2014,60.3200
18/06/2014,60.2800
19/06/2014,60.0900
20/06/2014,60.2300
23/06/2014,60.1400
24/06/2014,60.1400
25/06/2014,60.1100
26/06/2014,60.1700
27/06/2014,60.0400
30/06/2014,60.0600
01/07/2014,60.0500
02/07/2014,59.6900
03/07/2014,59.7400
04/07/2014,
07/07/2014,60.0130
08/07/2014,59.7800
09/07/2014,59.7500
10/07/2014,60.1900
11/07/2014,60.0800
14/07/2014,60.1100
15/07/2014,60.1500
16/07/2014,60.1200
17/07/2014,60.3500
18/07/2014,60.3300
21/07/2014,60.2400
22/07/2014,60.1600
23/07/2014,60.0000
24/07/2014,60.1100
25/07/2014,60.0400
28/07/2014,60.1300
29/07/2014,60.1200
30/07/2014,60.4000
31/07/2014,60.5500
01/08/2014,61.2000
04/08/2014,60.9400
05/08/2014,61.0500
06/08/2014,61.2500
07/08/2014,61.2000
08/08/2014,61.1800
11/08/2014,61.1700
12/08/2014,61.0900
13/08/2014,61.2200
14/08/2014,60.7700
15/08/2014,60.7700
18/08/2014,60.7700
19/08/2014,60.6700
20/08/2014,60.5800
21/08/2014,60.5600
22/08/2014,60.4700
25/08/2014,60.5600
26/08/2014,60.4300
27/08/2014,60.4500
28/08/2014,60.5100
29/08/2014,61.5100
01/09/2014,
02/09/2014,60.6900
03/09/2014,60.4100
04/09/2014,60.3800
05/09/2014,60.2600
08/09/2014,60.2900
09/09/2014,60.6000
10/09/2014,60.9500
11/09/2014,60.9300
12/09/2014,60.9500
15/09/2014,61.0300
16/09/2014,61.0600
17/09/2014,60.9000
18/09/2014,60.7800
19/09/2014,60.8000
22/09/2014,60.9300
23/09/2014,61.0400
24/09/2014,60.9300
25/09/2014,61.3300
26/09/2014,61.1400
29/09/2014,61.5300
30/09/2014,61.9200
01/10/2014,61.7100
02/10/2014,61.6100
03/10/2014,61.8100
06/10/2014,61.6800
07/10/2014,61.2800
08/10/2014,61.3800
09/10/2014,60.9200
10/10/2014,61.2700
13/10/2014,
14/10/2014,61.3800
15/10/2014,61.4200
16/10/2014,61.8000
17/10/2014,61.4600
20/10/2014,61.2000
21/10/2014,61.1400
22/10/2014,61.1800
23/10/2014,61.1600
24/10/2014,61.1600
27/10/2014,61.2800
28/10/2014,61.1700
29/10/2014,61.2000
30/10/2014,61.4200
31/10/2014,61.4400
03/11/2014,61.3800
04/11/2014,61.3800
05/11/2014,61.4900
06/11/2014,61.4500
07/11/2014,61.5000
10/11/2014,61.5200
11/11/2014,
12/11/2014,61.4000
13/11/2014,61.5500
14/11/2014,61.7000
17/11/2014,61.8200
18/11/2014,61.7200
19/11/2014,61.9800
20/11/2014,61.9200
21/11/2014,61.7600
24/11/2014,61.8500
25/11/2014,61.8900
26/11/2014,61.7800
27/11/2014,
28/11/2014,62.2000
01/12/2014,61.9400
02/12/2014,61.8000
03/12/2014,61.8500
04/12/2014,61.7800
05/12/2014,61.9000
08/12/2014,61.8200
09/12/2014,61.8700
10/12/2014,62.1000
11/12/2014,62.4600
12/12/2014,62.5200
15/12/2014,63.1600
16/12/2014,63.6500
17/12/2014,63.5200
18/12/2014,62.9800
19/12/2014,63.2400
22/12/2014,63.2200
23/12/2014,63.4000
24/12/2014,63.5500
25/12/2014,
26/12/2014,
29/12/2014,63.6700
30/12/2014,63.3800
31/12/2014,63.0400
01/01/2015,
02/01/2015,63.2700
05/01/2015,63.3400
06/01/2015,63.5700
07/01/2015,63.2700
08/01/2015,62.6700
09/01/2015,62.3400
12/01/2015,62.0900
13/01/2015,61.9700
14/01/2015,62.0900
15/01/2015,62.0600
16/01/2015,61.8700
19/01/2015,
20/01/2015,61.6400
21/01/2015,61.5500
22/01/2015,61.3200
23/01/2015,61.4600
26/01/2015,61.4600
27/01/2015,61.3400
28/01/2015,61.3400
29/01/2015,61.9400
30/01/2015,62.0100
02/02/2015,61.6800
03/02/2015,61.6700
04/02/2015,61.7300
05/02/2015,61.7300
06/02/2015,61.7000
09/02/2015,62.1000
10/02/2015,62.3300
11/02/2015,62.4100
12/02/2015,62.3000
13/02/2015,62.0400
16/02/2015,
17/02/2015,62.1400
18/02/2015,62.2500
19/02/2015,62.0800
20/02/2015,62.1900
23/02/2015,62.1500
24/02/2015,62.0700
25/02/2015,61.8400
26/02/2015,61.7400
27/02/2015,61.6700
02/03/2015,61.8700
03/03/2015,61.7600
04/03/2015,62.3000
05/03/2015,62.2600
06/03/2015,62.4500
09/03/2015,62.6700
10/03/2015,62.7100
11/03/2015,62.7600
12/03/2015,62.4400
13/03/2015,63.0600
16/03/2015,62.8000
17/03/2015,62.6400
18/03/2015,62.6900
19/03/2015,62.5600
20/03/2015,62.4700
23/03/2015,62.2200
24/03/2015,62.4000
25/03/2015,62.3500
26/03/2015,62.8300
27/03/2015,62.5000
30/03/2015,62.5200
31/03/2015,62.3100
01/04/2015,62.1400
02/04/2015,62.1300
03/04/2015,61.9900
06/04/2015,62.1600
07/04/2015,62.2300
08/04/2015,62.2200
09/04/2015,62.1800
10/04/2015,62.2100
13/04/2015,62.3800
14/04/2015,62.2500
15/04/2015,62.3400
16/04/2015,62.2800
17/04/2015,62.4800
20/04/2015,63.0700
21/04/2015,62.9200
22/04/2015,62.9600
23/04/2015,63.2700
24/04/2015,63.5500
27/04/2015,63.3400
28/04/2015,63.0500
29/04/2015,63.3800
30/04/2015,63.5800
01/05/2015,63.6300
04/05/2015,63.6400
05/05/2015,63.3100
06/05/2015,63.5700
07/05/2015,64.0800
08/05/2015,63.7300
11/05/2015,63.9600
12/05/2015,64.1900
13/05/2015,63.8800
14/05/2015,63.4700
15/05/2015,63.3600
18/05/2015,63.6600
19/05/2015,63.8000
20/05/2015,63.7500
21/05/2015,63.5100
22/05/2015,63.4300
25/05/2015,
26/05/2015,63.8700
27/05/2015,63.9200
28/05/2015,63.8300
29/05/2015,63.7100
01/06/2015,63.5900
02/06/2015,63.7200
03/06/2015,63.9900
04/06/2015,63.9600
05/06/2015,63.7600
08/06/2015,64.0300
09/06/2015,63.9600
10/06/2015,63.8100
11/06/2015,63.9300
12/06/2015,64.0200
15/06/2015,64.0300
16/06/2015,64.2100
17/06/2015,64.1400
18/06/2015,63.6200
19/06/2015,63.4300
22/06/2015,63.5100
23/06/2015,63.5700
24/06/2015,63.5400
25/06/2015,63.5000
26/06/2015,63.5400
29/06/2015,63.7300
30/06/2015,63.5900
01/07/2015,63.5500
02/07/2015,63.3600
03/07/2015,
06/07/2015,63.2400
07/07/2015,63.5100
08/07/2015,63.4700
09/07/2015,63.3100
10/07/2015,63.3300
13/07/2015,63.4300
14/07/2015,63.2700
15/07/2015,63.4800
16/07/2015,63.4300
17/07/2015,63.4500
20/07/2015,63.6100
21/07/2015,63.5700
22/07/2015,63.6000
23/07/2015,63.8600
24/07/2015,64.0400
27/07/2015,64.2400
28/07/2015,63.7600
29/07/2015,63.8300
30/07/2015,64.0900
31/07/2015,63.8700
03/08/2015,63.9900
04/08/2015,63.7100
05/08/2015,63.7300
06/08/2015,63.6700
07/08/2015,63.7400
10/08/2015,63.7700
11/08/2015,64.3300
12/08/2015,64.8000
13/08/2015,65.2700
14/08/2015,65.0200
17/08/2015,65.3900
18/08/2015,65.4400
19/08/2015,65.1700
20/08/2015,65.4900
21/08/2015,66.0200
24/08/2015,66.8000
25/08/2015,66.0700
26/08/2015,66.1100
27/08/2015,65.9900
28/08/2015,66.1400
31/08/2015,66.3900
01/09/2015,66.3400
02/09/2015,66.1600
03/09/2015,66.0700
04/09/2015,66.7000
07/09/2015,
08/09/2015,66.3600
09/09/2015,66.4700
10/09/2015,66.4600
11/09/2015,66.3900
14/09/2015,66.3200
15/09/2015,66.3600
16/09/2015,66.4500
17/09/2015,66.1200
18/09/2015,65.7000
21/09/2015,65.6600
22/09/2015,65.8500
23/09/2015,66.0500
24/09/2015,66.3200
25/09/2015,66.1200
28/09/2015,66.2000
29/09/2015,65.9000
30/09/2015,65.5000
01/10/2015,65.5700
02/10/2015,65.3500
05/10/2015,65.1200
06/10/2015,65.1800
07/10/2015,64.8600
08/10/2015,64.9700
09/10/2015,64.7600
12/10/2015,
13/10/2015,65.0600
14/10/2015,64.8700
15/10/2015,64.7700
16/10/2015,64.7000
19/10/2015,64.9000
20/10/2015,64.9700
21/10/2015,65.1900
22/10/2015,64.9100
23/10/2015,64.8700
26/10/2015,64.8300
27/10/2015,65.0300
28/10/2015,64.8900
29/10/2015,65.3500
30/10/2015,65.4000
02/11/2015,65.5800
03/11/2015,65.5700
04/11/2015,65.4600
05/11/2015,65.8500
06/11/2015,66.1300
09/11/2015,66.3800
10/11/2015,66.1900
11/11/2015,
12/11/2015,66.0400
13/11/2015,66.1200
16/11/2015,66.0100
17/11/2015,65.9600
18/11/2015,66.1600
19/11/2015,66.0500
20/11/2015,66.0600
23/11/2015,66.3700
24/11/2015,66.3200
25/11/2015,66.3600
26/11/2015,
27/11/2015,66.8600
30/11/2015,66.4300
01/12/2015,66.4600
02/12/2015,66.5300
03/12/2015,66.8200
04/12/2015,66.6500
07/12/2015,66.7400
08/12/2015,66.7700
09/12/2015,66.8300
10/12/2015,66.7000
11/12/2015,67.1000
14/12/2015,67.0900
15/12/2015,66.7900
16/12/2015,66.6000
17/12/2015,66.3200
18/12/2015,66.2300
21/12/2015,66.1900
22/12/2015,66.1900
23/12/2015,66.0400
24/12/2015,66.0000
25/12/2015,
28/12/2015,66.0900
29/12/2015,66.2800
30/12/2015,66.4400
31/12/2015,66.1900
01/01/2016,
04/01/2016,66.5600
05/01/2016,66.4900
06/01/2016,66.7100
07/01/2016,66.7300
08/01/2016,66.8200
11/01/2016,66.7800
12/01/2016,66.8500
13/01/2016,66.7400
14/01/2016,67.3700
15/01/2016,67.7400
18/01/2016,
19/01/2016,67.6800
20/01/2016,68.0500
21/01/2016,67.8700
22/01/2016,67.5500
25/01/2016,67.7100
26/01/2016,67.7500
27/01/2016,67.9800
28/01/2016,68.0800
29/01/2016,67.8700
01/02/2016,67.9200
02/02/2016,67.9200
03/02/2016,67.9200
04/02/2016,67.5700
05/02/2016,67.7800
08/02/2016,67.9800
09/02/2016,67.9200
10/02/2016,67.8500
11/02/2016,68.4400
12/02/2016,68.1200
15/02/2016,
16/02/2016,68.4800
17/02/2016,68.3300
18/02/2016,68.5400
19/02/2016,68.5400
22/02/2016,68.5300
23/02/2016,68.5500
24/02/2016,68.5300
25/02/2016,68.8400
26/02/2016,68.8200
29/02/2016,68.2100
01/03/2016,67.7500
02/03/2016,67.4000
03/03/2016,67.1500
04/03/2016,66.9000
07/03/2016,66.9700
08/03/2016,67.3000
09/03/2016,67.0700
10/03/2016,67.2000
11/03/2016,66.9300
14/03/2016,67.1500
15/03/2016,67.3300
16/03/2016,67.2400
17/03/2016,66.6100
18/03/2016,66.3400
21/03/2016,66.4500
22/03/2016,66.5800
23/03/2016,66.8200
24/03/2016,66.8200
25/03/2016,66.8200
28/03/2016,66.5800
29/03/2016,66.4600
30/03/2016,66.3700
31/03/2016,66.2500
01/04/2016,66.3400
04/04/2016,66.0500
05/04/2016,66.4000
06/04/2016,66.4900
07/04/2016,66.7000
08/04/2016,66.4900
11/04/2016,66.3300
12/04/2016,66.3500
13/04/2016,66.6200
14/04/2016,66.5600
15/04/2016,66.4900
18/04/2016,66.4200
19/04/2016,66.1200
20/04/2016,66.1200
21/04/2016,66.4300
22/04/2016,66.6000
25/04/2016,66.6500
26/04/2016,66.4000
27/04/2016,66.5200
28/04/2016,66.3900
29/04/2016,66.3900
02/05/2016,66.3600
03/05/2016,66.5100
04/05/2016,66.6300
05/05/2016,66.5300
06/05/2016,66.5200
09/05/2016,66.7000
10/05/2016,66.5800
11/05/2016,66.5300
12/05/2016,66.7000
13/05/2016,66.8400
16/05/2016,66.7800
17/05/2016,66.7400
18/05/2016,66.9500
19/05/2016,67.5700
20/05/2016,67.4200
23/05/2016,67.4700
24/05/2016,67.5900
25/05/2016,67.2800
26/05/2016,66.9000
27/05/2016,66.9600
30/05/2016,
31/05/2016,67.1200
01/06/2016,67.4400
02/06/2016,67.2200
03/06/2016,66.9900
06/06/2016,66.8100
07/06/2016,66.6400
08/06/2016,66.5100
09/06/2016,66.6800
10/06/2016,66.8400
13/06/2016,67.1700
14/06/2016,67.3400
15/06/2016,67.0800
16/06/2016,67.4300
17/06/2016,67.1100
20/06/2016,67.5400
21/06/2016,67.7300
22/06/2016,67.4900
23/06/2016,67.2900
24/06/2016,67.8200
27/06/2016,67.9200
28/06/2016,67.8600
29/06/2016,67.4200
30/06/2016,67.5100
01/07/2016,67.2400
04/07/2016,
05/07/2016,67.4000
06/07/2016,67.4500
07/07/2016,67.4900
08/07/2016,67.1300
11/07/2016,67.1100
12/07/2016,67.0500
13/07/2016,66.9900
14/07/2016,66.8100
15/07/2016,67.0700
18/07/2016,67.1400
19/07/2016,67.1400
20/07/2016,67.1800
21/07/2016,67.1500
22/07/2016,67.1900
25/07/2016,67.4100
26/07/2016,67.3400
27/07/2016,67.1400
28/07/2016,66.9600
29/07/2016,66.7700
01/08/2016,66.6300
02/08/2016,66.6500
03/08/2016,66.8000
04/08/2016,66.7600
05/08/2016,66.8400
08/08/2016,66.8200
09/08/2016,66.7600
10/08/2016,66.7200
11/08/2016,66.7500
12/08/2016,66.8200
15/08/2016,66.8500
16/08/2016,66.8300
17/08/2016,66.9600
18/08/2016,66.8300
19/08/2016,67.1300
22/08/2016,67.1800
23/08/2016,67.0900
24/08/2016,67.1400
25/08/2016,67.0100
26/08/2016,66.9800
29/08/2016,67.1500
30/08/2016,67.1400
31/08/2016,66.9400
01/09/2016,66.8500
02/09/2016,66.6000
05/09/2016,
06/09/2016,66.2800
07/09/2016,66.4200
08/09/2016,66.5200
09/09/2016,66.7600
12/09/2016,66.7900
13/09/2016,67.0300
14/09/2016,66.7800
15/09/2016,66.8400
16/09/2016,67.1000
19/09/2016,66.9400
20/09/2016,66.9700
21/09/2016,66.9900
22/09/2016,66.6000
23/09/2016,66.6600
26/09/2016,66.5600
27/09/2016,66.5000
28/09/2016,66.5000
29/09/2016,66.7200
30/09/2016,66.5800
03/10/2016,66.5200
04/10/2016,66.4900
05/10/2016,66.5300
06/10/2016,66.7000
07/10/2016,66.6100
10/10/2016,
11/10/2016,66.8100
12/10/2016,66.8500
13/10/2016,66.8400
14/10/2016,66.6900
17/10/2016,66.8000
18/10/2016,66.7100
19/10/2016,66.6400
20/10/2016,66.8300
21/10/2016,66.9400
24/10/2016,66.8900
25/10/2016,66.8000
26/10/2016,66.8300
27/10/2016,66.8500
28/10/2016,66.7800
31/10/2016,66.7200
01/11/2016,66.7000
02/11/2016,66.6600
03/11/2016,66.6800
04/11/2016,66.7500
07/11/2016,66.7300
08/11/2016,66.3900
09/11/2016,66.4800
10/11/2016,66.8600
11/11/2016,
14/11/2016,67.7800
15/11/2016,67.8000
16/11/2016,68.0700
17/11/2016,67.9300
18/11/2016,68.1200
21/11/2016,68.2300
22/11/2016,68.4000
23/11/2016,68.8600
24/11/2016,
25/11/2016,68.5900
28/11/2016,68.5600
29/11/2016,68.6400
30/11/2016,68.5600
01/12/2016,68.2900
02/12/2016,68.0400
05/12/2016,68.0600
06/12/2016,67.7200
07/12/2016,67.5000
08/12/2016,67.4200
09/12/2016,67.5100
12/12/2016,67.3800
13/12/2016,67.4700
14/12/2016,67.4300
15/12/2016,67.9100
16/12/2016,67.8200
19/12/2016,67.8300
20/12/2016,67.9700
21/12/2016,67.8200
22/12/2016,67.8600
23/12/2016,67.8400
26/12/2016,
27/12/2016,68.0100
28/12/2016,68.2000
29/12/2016,67.9100
30/12/2016,67.9200
02/01/2017,
03/01/2017,68.3700
04/01/2017,67.9000
05/01/2017,67.7400
06/01/2017,68.1200
09/01/2017,68.0800
10/01/2017,68.2500
11/01/2017,68.3900
12/01/2017,67.9900
13/01/2017,68.1600
16/01/2017,
17/01/2017,67.9000
18/01/2017,68.1200
19/01/2017,68.1000
20/01/2017,
23/01/2017,68.1100
24/01/2017,68.1200
25/01/2017,68.0400
26/01/2017,68.1700
27/01/2017,68.0600
30/01/2017,67.8000
31/01/2017,67.4800
01/02/2017,67.4000
02/02/2017,67.2000
03/02/2017,67.1800
06/02/2017,67.2000
07/02/2017,67.3500
08/02/2017,67.0400
09/02/2017,66.7100
10/02/2017,66.8000
13/02/2017,66.9900
14/02/2017,66.8800
15/02/2017,66.8500
16/02/2017,67.1200
17/02/2017,67.0900
20/02/2017,
21/02/2017,67.0000
22/02/2017,66.9500
23/02/2017,66.6800
24/02/2017,66.6800
27/02/2017,66.6900
28/02/2017,66.6700
01/03/2017,66.8300
02/03/2017,66.7500
03/03/2017,66.7600
06/03/2017,66.6400
07/03/2017,66.6200
08/03/2017,66.7600
09/03/2017,66.6400
10/03/2017,66.6000
13/03/2017,66.1500
14/03/2017,65.7600
15/03/2017,65.6200
16/03/2017,65.4000
17/03/2017,65.3800
20/03/2017,65.3000
21/03/2017,65.3100
22/03/2017,65.4500
23/03/2017,65.4100
24/03/2017,65.4000
27/03/2017,65.0500
28/03/2017,65.0200
29/03/2017,64.8700
30/03/2017,64.8500
31/03/2017,64.8500
03/04/2017,65.0300
04/04/2017,65.1000
05/04/2017,64.8700
06/04/2017,64.5800
07/04/2017,64.2600
10/04/2017,64.5500
11/04/2017,64.5500
12/04/2017,64.6800
13/04/2017,64.4200
14/04/2017,64.4200
17/04/2017,64.5300
18/04/2017,64.5600
19/04/2017,64.6200
20/04/2017,64.6100
21/04/2017,64.6500
24/04/2017,64.4800
25/04/2017,64.3200
26/04/2017,64.0800
27/04/2017,64.1400
28/04/2017,64.2700
01/05/2017,64.2500
02/05/2017,64.1600
03/05/2017,64.1700
04/05/2017,64.2200
05/05/2017,64.3100
08/05/2017,64.3200
09/05/2017,64.6600
10/05/2017,64.5300
11/05/2017,64.4300
12/05/2017,64.2400
15/05/2017,64.0400
16/05/2017,64.0300
17/05/2017,64.1100
18/05/2017,64.8700
19/05/2017,64.5600
22/05/2017,64.5300
23/05/2017,64.8500
24/05/2017,64.7400
25/05/2017,64.5500
26/05/2017,64.5000
29/05/2017,
30/05/2017,64.6600
31/05/2017,64.5000
01/06/2017,64.3900
02/06/2017,64.4100
05/06/2017,64.3400
06/06/2017,64.4200
07/06/2017,64.3900
08/06/2017,64.2400
09/06/2017,64.2400
12/06/2017,64.4800
13/06/2017,64.3300
14/06/2017,64.2300
15/06/2017,64.5800
16/06/2017,64.5000
19/06/2017,64.4500
20/06/2017,64.5400
21/06/2017,64.5200
22/06/2017,64.6000
23/06/2017,64.4700
26/06/2017,64.4300
27/06/2017,64.4700
28/06/2017,64.5500
29/06/2017,64.6600
30/06/2017,64.6200
03/07/2017,64.8400
04/07/2017,
05/07/2017,64.8000
06/07/2017,64.7200
07/07/2017,64.6200
10/07/2017,64.4500
11/07/2017,64.5400
12/07/2017,64.5300
13/07/2017,64.4600
14/07/2017,64.3800
17/07/2017,64.3400
18/07/2017,64.3200
19/07/2017,64.2400
20/07/2017,64.3700
21/07/2017,64.3800
24/07/2017,64.3900
25/07/2017,64.3800
26/07/2017,64.3200
27/07/2017,64.1100
28/07/2017,64.1100
31/07/2017,64.1800
01/08/2017,64.0600
02/08/2017,63.6400
03/08/2017,63.6700
04/08/2017,63.6400
07/08/2017,63.8300
08/08/2017,63.6900
09/08/2017,63.8600
10/08/2017,64.0500
11/08/2017,64.1400
14/08/2017,64.0800
15/08/2017,64.1200
16/08/2017,64.1600
17/08/2017,64.1500
18/08/2017,64.1000
21/08/2017,64.1000
22/08/2017,64.0700
23/08/2017,64.0400
24/08/2017,64.0400
25/08/2017,64.0000
28/08/2017,63.9000
29/08/2017,64.0200
30/08/2017,63.9800
31/08/2017,63.9300
01/09/2017,64.0200
04/09/2017,
05/09/2017,64.1200
06/09/2017,64.0600
07/09/2017,64.0100
08/09/2017,63.7800
11/09/2017,63.9300
12/09/2017,64.0300
13/09/2017,64.0000
14/09/2017,64.1200
15/09/2017,64.1000
18/09/2017,64.1500
19/09/2017,64.3000
20/09/2017,64.2900
21/09/2017,64.8000
22/09/2017,64.7900
25/09/2017,65.1200
26/09/2017,65.4600
27/09/2017,65.7100
28/09/2017,65.4600
29/09/2017,65.3000
02/10/2017,65.2800
03/10/2017,65.4800
04/10/2017,65.0200
05/10/2017,65.1400
06/10/2017,65.3900
09/10/2017,
10/10/2017,65.2400
11/10/2017,65.1500
12/10/2017,65.0500
13/10/2017,64.7000
16/10/2017,64.7000
17/10/2017,65.0200
18/10/2017,65.0600
19/10/2017,64.9900
20/10/2017,65.0300
23/10/2017,65.0200
24/10/2017,65.1000
25/10/2017,64.9200
26/10/2017,64.8400
27/10/2017,65.0400
30/10/2017,64.8300
31/10/2017,64.7500
01/11/2017,64.5600
02/11/2017,64.5700
03/11/2017,64.5600
06/11/2017,64.6200
07/11/2017,65.0300
08/11/2017,64.9400
09/11/2017,64.9600
10/11/2017,
13/11/2017,65.4600
14/11/2017,65.4100
15/11/2017,65.2600
16/11/2017,65.3200
17/11/2017,65.0100
20/11/2017,65.1000
21/11/2017,64.9100
22/11/2017,64.8700
23/11/2017,
24/11/2017,64.6700
27/11/2017,64.4700
28/11/2017,64.4000
29/11/2017,64.2900
30/11/2017,64.4600
01/12/2017,64.5000
04/12/2017,64.3600
05/12/2017,64.3800
06/12/2017,64.5300
07/12/2017,64.5700
08/12/2017,64.4300
11/12/2017,64.3500
12/12/2017,64.3900
13/12/2017,64.4500
14/12/2017,64.3600
15/12/2017,64.0400
18/12/2017,64.2300
19/12/2017,64.0200
20/12/2017,64.1100
21/12/2017,64.0200
22/12/2017,64.0200
25/12/2017,
26/12/2017,64.0800
27/12/2017,64.1500
28/12/2017,64.0700
29/12/2017,63.8300
01/01/2018,
02/01/2018,63.4600
03/01/2018,63.5000
04/01/2018,63.4000
05/01/2018,63.3800
08/01/2018,63.4800
09/01/2018,63.6600
10/01/2018,63.5800
11/01/2018,63.6500
12/01/2018,63.6100
15/01/2018,
16/01/2018,64.0100
17/01/2018,63.8800
18/01/2018,63.8700
19/01/2018,63.8400
22/01/2018,63.8800
23/01/2018,63.7600
24/01/2018,63.6900
25/01/2018,63.5200
26/01/2018,63.5800
29/01/2018,63.5700
30/01/2018,63.6500
31/01/2018,63.5800
01/02/2018,63.9700
02/02/2018,64.1100
05/02/2018,64.0600
06/02/2018,64.2300
07/02/2018,64.2300
08/02/2018,64.2700
09/02/2018,64.3700
12/02/2018,64.2900
13/02/2018,64.2700
14/02/2018,64.1000
15/02/2018,63.9300
16/02/2018,64.2100
19/02/2018,
20/02/2018,64.8300
21/02/2018,64.7600
22/02/2018,65.0100
23/02/2018,64.7100
26/02/2018,64.7800
27/02/2018,64.8400
28/02/2018,65.2000
01/03/2018,65.2000
02/03/2018,65.2400
05/03/2018,65.0600
06/03/2018,64.9000
07/03/2018,64.8600
08/03/2018,65.1500
09/03/2018,65.1200
12/03/2018,65.0000
13/03/2018,64.8500
14/03/2018,64.8400
15/03/2018,64.9400
16/03/2018,64.9700
19/03/2018,65.2100
20/03/2018,65.1900
21/03/2018,65.2000
22/03/2018,65.1000
23/03/2018,64.9800
26/03/2018,64.8300
27/03/2018,64.9800
28/03/2018,65.1500
29/03/2018,65.1200
30/03/2018,65.1100
02/04/2018,65.1100
03/04/2018,65.0000
04/04/2018,65.0800
05/04/2018,64.9200
06/04/2018,64.9500
09/04/2018,64.9500
10/04/2018,64.9500
11/04/2018,65.2600
12/04/2018,65.2800
13/04/2018,65.2700
16/04/2018,65.4600
17/04/2018,65.6600
18/04/2018,65.6200
19/04/2018,65.7900
20/04/2018,66.1500
23/04/2018,66.4200
24/04/2018,66.3600
25/04/2018,66.9200
26/04/2018,66.8000
27/04/2018,66.6800
30/04/2018,66.5000
01/05/2018,66.5200
02/05/2018,66.7100
03/05/2018,66.6800
04/05/2018,66.8300
07/05/2018,67.1300
08/05/2018,67.1200
09/05/2018,67.2500
10/05/2018,67.2400
11/05/2018,67.2800
14/05/2018,67.5500
15/05/2018,68.0700
16/05/2018,67.7700
17/05/2018,67.7600
18/05/2018,68.0400
21/05/2018,68.1100
22/05/2018,68.0400
23/05/2018,68.3800
24/05/2018,68.3200
25/05/2018,67.7800
28/05/2018,
29/05/2018,67.7800
30/05/2018,67.4600
31/05/2018,67.4000
01/06/2018,66.9900
04/06/2018,67.0500
05/06/2018,67.1200
06/06/2018,66.8700
07/06/2018,67.2000
08/06/2018,67.5600
11/06/2018,67.4600
12/06/2018,67.4800
13/06/2018,67.6000
14/06/2018,67.6200
15/06/2018,68.0600
18/06/2018,68.1000
19/06/2018,68.3000
20/06/2018,68.0600
21/06/2018,67.9400
22/06/2018,67.8800
25/06/2018,68.0900
26/06/2018,68.3100
27/06/2018,68.6300
28/06/2018,68.8100
29/06/2018,68.4600
02/07/2018,68.7800
03/07/2018,68.5800
04/07/2018,
05/07/2018,68.8900
06/07/2018,68.8000
09/07/2018,68.6600
10/07/2018,68.7600
11/07/2018,68.7000
12/07/2018,68.5200
13/07/2018,68.4400
16/07/2018,68.6000
17/07/2018,68.4200
18/07/2018,68.6200
19/07/2018,69.0100
20/07/2018,68.7400
23/07/2018,68.8400
24/07/2018,68.9400
25/07/2018,68.7200
26/07/2018,68.6600
27/07/2018,68.6000
30/07/2018,68.6000
31/07/2018,68.5400
01/08/2018,68.3700
02/08/2018,68.6300
03/08/2018,68.5400
06/08/2018,68.8200
07/08/2018,68.6200
08/08/2018,68.6500
09/08/2018,68.7400
10/08/2018,68.8800
13/08/2018,70.0200
14/08/2018,69.9500
15/08/2018,69.9200
16/08/2018,70.1900
17/08/2018,70.0900
20/08/2018,69.8400
21/08/2018,69.8500
22/08/2018,69.8500
23/08/2018,70.0900
24/08/2018,69.9600
27/08/2018,70.1600
28/08/2018,70.0900
29/08/2018,70.5300
30/08/2018,70.7400
31/08/2018,71.0000
03/09/2018,
04/09/2018,71.5800
05/09/2018,71.7500
06/09/2018,71.9400
07/09/2018,71.7800
10/09/2018,72.4500
11/09/2018,72.6900
12/09/2018,72.1500
13/09/2018,72.0200
14/09/2018,71.8700
17/09/2018,72.5100
18/09/2018,72.9800
19/09/2018,72.3500
20/09/2018,72.0100
21/09/2018,72.1800
24/09/2018,72.6600
25/09/2018,72.6800
26/09/2018,72.5900
27/09/2018,72.5500
28/09/2018,72.5400
01/10/2018,72.9200
02/10/2018,72.9100
03/10/2018,73.3400
04/10/2018,73.6200
05/10/2018,73.7600
08/10/2018,
09/10/2018,74.3300
10/10/2018,74.2500
11/10/2018,74.0400
12/10/2018,73.6000
15/10/2018,73.7600
16/10/2018,73.4600
17/10/2018,73.5200
18/10/2018,73.5200
19/10/2018,73.3700
22/10/2018,73.5600
23/10/2018,73.5400
24/10/2018,73.1800
25/10/2018,73.2100
26/10/2018,73.4600
29/10/2018,73.4200
30/10/2018,73.6200
31/10/2018,73.9500
01/11/2018,73.4500
02/11/2018,72.4400
05/11/2018,73.0800
06/11/2018,72.9500
07/11/2018,72.4400
08/11/2018,72.3700
09/11/2018,72.4800
12/11/2018,
13/11/2018,72.6100
14/11/2018,72.3000
15/11/2018,71.9700
16/11/2018,71.9800
19/11/2018,71.6000
20/11/2018,71.4900
21/11/2018,71.3000
22/11/2018,
23/11/2018,70.6500
26/11/2018,70.8100
27/11/2018,70.8000
28/11/2018,70.6300
29/11/2018,69.7900
30/11/2018,69.6200
03/12/2018,70.4000
04/12/2018,70.5200
05/12/2018,
06/12/2018,70.8400
07/12/2018,70.8500
10/12/2018,72.4360
11/12/2018,72.2700
12/12/2018,71.7900
13/12/2018,71.5200
14/12/2018,71.9400
17/12/2018,71.6000
18/12/2018,70.6100
19/12/2018,70.2600
20/12/2018,69.9600
21/12/2018,70.0900
24/12/2018,
25/12/2018,
26/12/2018,70.0700
27/12/2018,70.3400
28/12/2018,69.9200
31/12/2018,69.5800
01/01/2019,
02/01/2019,70.0200
03/01/2019,70.1200
04/01/2019,69.6300
07/01/2019,69.7800
08/01/2019,70.1100
09/01/2019,70.4200
10/01/2019,70.4300
11/01/2019,70.3800
14/01/2019,
15/01/2019,71.0000
16/01/2019,70.9700
17/01/2019,71.0900
18/01/2019,71.2100
21/01/2019,
22/01/2019,71.2300
23/01/2019,71.2100
24/01/2019,71.0200
25/01/2019,70.9400
28/01/2019,71.0600
29/01/2019,71.4000
30/01/2019,71.2400
31/01/2019,70.9400
01/02/2019,71.4100
04/02/2019,71.6600
05/02/2019,71.5200
06/02/2019,71.5500
07/02/2019,71.3000
08/02/2019,71.2300
11/02/2019,71.1500
12/02/2019,70.5600
13/02/2019,70.8600
14/02/2019,71.1800
15/02/2019,71.3600
18/02/2019,
19/02/2019,71.3100
20/02/2019,
21/02/2019,71.1500
22/02/2019,71.0700
25/02/2019,70.8200
26/02/2019,71.0200
27/02/2019,71.1500
28/02/2019,70.8300
01/03/2019,70.9000
04/03/2019,70.9100
05/03/2019,70.5500
06/03/2019,70.0200
07/03/2019,70.0900
08/03/2019,70.0000
11/03/2019,69.8200
12/03/2019,69.6200
13/03/2019,69.5200
14/03/2019,69.3300
15/03/2019,68.9400
18/03/2019,68.6000
19/03/2019,69.0200
20/03/2019,68.8500
21/03/2019,68.7200
22/03/2019,69.0100
25/03/2019,68.8800
26/03/2019,68.9800
27/03/2019,69.1300
28/03/2019,69.2300
29/03/2019,69.1600
01/04/2019,69.1800
02/04/2019,68.9100
03/04/2019,68.5800
04/04/2019,69.0300
05/04/2019,69.1100
08/04/2019,69.5600
09/04/2019,69.2800
10/04/2019,69.1200
11/04/2019,68.9700
12/04/2019,69.2100
15/04/2019,69.3800
16/04/2019,69.5100
17/04/2019,69.4300
18/04/2019,69.4200
19/04/2019,69.3700
22/04/2019,69.6400
23/04/2019,69.7800
24/04/2019,69.9100
25/04/2019,70.1900
26/04/2019,69.9300
29/04/2019,69.8000
30/04/2019,69.6400
01/05/2019,69.5200
02/05/2019,69.4000
03/05/2019,69.0800
06/05/2019,69.4000
07/05/2019,69.6200
08/05/2019,69.7300
09/05/2019,70.2100
10/05/2019,70.0200
13/05/2019,70.6200
14/05/2019,70.3000
15/05/2019,70.2200
16/05/2019,70.0800
17/05/2019,70.2800
20/05/2019,69.5900
21/05/2019,69.6100
22/05/2019,69.7100
23/05/2019,69.6600
24/05/2019,69.3700
27/05/2019,
28/05/2019,69.5600
29/05/2019,69.8000
30/05/2019,69.8100
31/05/2019,69.6300
03/06/2019,69.1500
04/06/2019,69.2800
05/06/2019,69.4100
06/06/2019,69.2100
07/06/2019,69.3200
10/06/2019,69.4900
11/06/2019,69.4200
12/06/2019,69.3500
13/06/2019,69.5300
14/06/2019,69.8100
17/06/2019,69.8300
18/06/2019,69.6000
19/06/2019,69.6400
20/06/2019,69.4400
21/06/2019,69.5900
24/06/2019,69.3200
25/06/2019,69.2600
26/06/2019,69.1800
27/06/2019,69.0100
28/06/2019,68.9200
01/07/2019,68.8700
02/07/2019,68.8700
03/07/2019,68.7900
04/07/2019,
05/07/2019,68.4800
08/07/2019,68.5500
09/07/2019,68.5400
10/07/2019,68.4000
11/07/2019,68.4000
12/07/2019,68.5700
15/07/2019,68.5200
16/07/2019,68.6600
17/07/2019,68.8400
18/07/2019,68.8500
19/07/2019,68.8200
22/07/2019,68.8900
23/07/2019,68.9900
24/07/2019,68.9400
25/07/2019,69.0300
26/07/2019,68.8900
29/07/2019,68.7300
30/07/2019,68.8200
31/07/2019,68.8100
01/08/2019,69.0000
02/08/2019,69.6500
05/08/2019,70.8000
06/08/2019,70.9000
07/08/2019,71.1800
08/08/2019,70.6200
09/08/2019,70.9100
12/08/2019,71.2700
13/08/2019,71.4100
14/08/2019,71.2700
15/08/2019,71.7900
16/08/2019,71.1500
19/08/2019,71.4400
20/08/2019,71.5400
21/08/2019,71.4300
22/08/2019,71.9000
23/08/2019,71.4900
26/08/2019,72.0200
27/08/2019,71.5200
28/08/2019,71.7500
29/08/2019,71.6700
30/08/2019,71.4500
02/09/2019,
03/09/2019,72.2000
04/09/2019,72.1100
05/09/2019,71.8400
06/09/2019,71.6800
09/09/2019,71.6600
10/09/2019,71.8900
11/09/2019,71.6200
12/09/2019,70.9100
13/09/2019,71.0000
16/09/2019,71.5300
17/09/2019,71.4700
18/09/2019,71.1600
19/09/2019,71.3100
20/09/2019,71.0500
23/09/2019,70.7900
24/09/2019,70.9400
25/09/2019,71.0000
26/09/2019,70.9300
27/09/2019,70.4900
30/09/2019,70.6400
01/10/2019,71.1100
02/10/2019,71.1700
03/10/2019,71.0300
04/10/2019,70.8600
07/10/2019,70.9700
08/10/2019,71.2100
09/10/2019,71.0900
10/10/2019,70.9800
11/10/2019,70.9100
14/10/2019,
15/10/2019,71.4800
16/10/2019,71.3700
17/10/2019,71.0900
18/10/2019,71.0700
21/10/2019,70.9000
22/10/2019,70.8100
23/10/2019,70.8100
24/10/2019,71.0100
25/10/2019,70.7800
28/10/2019,70.7100
29/10/2019,70.8600
30/10/2019,70.9600
31/10/2019,71.0100
01/11/2019,70.7600
04/11/2019,70.7900
05/11/2019,70.8100
06/11/2019,70.9600
07/11/2019,71.0400
08/11/2019,71.3500
11/11/2019,
12/11/2019,71.7500
13/11/2019,72.1200
14/11/2019,71.9900
15/11/2019,71.6000
18/11/2019,71.9000
19/11/2019,71.8600
20/11/2019,71.7400
21/11/2019,71.7500
22/11/2019,71.7600
25/11/2019,71.6900
26/11/2019,71.5100
27/11/2019,71.2600
28/11/2019,
29/11/2019,71.7500
02/12/2019,71.6500
03/12/2019,71.7000
04/12/2019,71.4700
05/12/2019,71.2600
06/12/2019,71.2600
09/12/2019,71.0200
10/12/2019,70.8400
11/12/2019,70.7300
12/12/2019,70.6200
13/12/2019,70.8000
16/12/2019,70.8900
17/12/2019,71.0400
18/12/2019,70.9700
19/12/2019,71.1100
20/12/2019,71.0700
23/12/2019,71.2400
24/12/2019,71.2300
25/12/2019,
26/12/2019,71.2800
27/12/2019,71.4500
30/12/2019,71.3000
31/12/2019,71.3600
01/01/2020,
02/01/2020,71.3400
03/01/2020,71.7600
06/01/2020,71.8600
07/01/2020,71.8400
08/01/2020,71.5100
09/01/2020,71.1600
10/01/2020,70.9400
13/01/2020,70.7400
14/01/2020,70.8500
15/01/2020,70.6900
16/01/2020,70.9500
17/01/2020,71.0800
20/01/2020,
21/01/2020,71.1700
22/01/2020,71.0700
23/01/2020,71.4500
24/01/2020,71.3100
27/01/2020,71.4500
28/01/2020,71.2400
29/01/2020,71.3500
30/01/2020,71.5700
31/01/2020,71.5300
03/02/2020,71.3200
04/02/2020,71.1100
05/02/2020,71.1900
06/02/2020,71.1900
07/02/2020,71.4700
10/02/2020,71.2800
11/02/2020,71.2500
12/02/2020,71.2900
13/02/2020,71.2700
14/02/2020,71.5200
17/02/2020,
18/02/2020,71.5600
19/02/2020,71.5500
20/02/2020,71.6700
21/02/2020,71.9000
24/02/2020,71.9200
25/02/2020,71.8100
26/02/2020,71.5800
27/02/2020,71.6500
28/02/2020,72.5300
02/03/2020,72.8800
03/03/2020,73.0300
04/03/2020,73.4900
05/03/2020,73.5000
06/03/2020,74.0000
09/03/2020,74.2100
10/03/2020,74.1500
11/03/2020,73.6800
12/03/2020,74.2500
13/03/2020,73.8600
16/03/2020,74.0100
17/03/2020,74.2600
18/03/2020,74.5500
19/03/2020,74.7800
20/03/2020,75.3100
23/03/2020,76.2900
24/03/2020,76.3700
25/03/2020,76.3600
26/03/2020,74.8900
27/03/2020,75.4700
30/03/2020,75.3300
31/03/2020,75.3900
01/04/2020,76.4000
02/04/2020,76.3400
03/04/2020,76.2400
06/04/2020,75.9500
07/04/2020,75.6400
08/04/2020,75.9600
09/04/2020,76.3000
10/04/2020,75.8700
13/04/2020,76.2500
14/04/2020,76.1100
15/04/2020,76.5600
16/04/2020,76.7500
17/04/2020,76.5600
20/04/2020,76.5600
21/04/2020,76.9500
22/04/2020,76.4400
23/04/2020,75.8400
24/04/2020,76.2600
27/04/2020,76.2300
28/04/2020,75.9600
29/04/2020,75.4500
30/04/2020,75.0800
01/05/2020,75.7500
04/05/2020,75.6400
05/05/2020,75.7200
06/05/2020,76.0800
07/05/2020,75.7800
08/05/2020,75.5800
11/05/2020,75.8700
12/05/2020,75.0300
13/05/2020,75.3300
14/05/2020,75.4800
15/05/2020,75.8200
18/05/2020,75.7400
19/05/2020,75.6700
20/05/2020,75.4700
21/05/2020,75.6300
22/05/2020,75.9900
25/05/2020,
26/05/2020,75.4300
27/05/2020,75.8800
28/05/2020,75.6700
29/05/2020,75.5900
01/06/2020,75.5600
02/06/2020,75.0300
03/06/2020,75.3200
04/06/2020,75.4300
05/06/2020,75.6100
08/06/2020,75.4400
09/06/2020,75.4400
10/06/2020,75.6500
11/06/2020,75.9700
12/06/2020,76.0300
15/06/2020,75.9700
16/06/2020,76.1900
17/06/2020,76.2500
18/06/2020,76.3200
19/06/2020,76.2100
22/06/2020,75.7600
23/06/2020,75.4800
24/06/2020,75.6500
25/06/2020,75.5800
26/06/2020,75.6300
29/06/2020,75.5200
30/06/2020,75.5300
01/07/2020,75.5000
02/07/2020,74.7800
03/07/2020,
06/07/2020,74.6200
07/07/2020,74.8100
08/07/2020,74.9400
09/07/2020,75.1200
10/07/2020,75.1400
13/07/2020,75.1600
14/07/2020,75.3800
15/07/2020,75.1100
16/07/2020,75.1100
17/07/2020,74.9300
20/07/2020,74.7700
21/07/2020,74.5400
22/07/2020,74.5600
23/07/2020,74.8100
24/07/2020,74.7700
27/07/2020,74.7700
28/07/2020,74.9100
29/07/2020,74.9200
30/07/2020,74.8800
31/07/2020,74.9000
03/08/2020,75.2000
04/08/2020,75.0600
05/08/2020,74.8000
06/08/2020,74.8700
07/08/2020,75.0400
10/08/2020,74.9100
11/08/2020,74.6100
12/08/2020,74.7300
13/08/2020,74.8100
14/08/2020,74.8700
17/08/2020,74.7400
18/08/2020,74.6200
19/08/2020,74.8500
20/08/2020,75.0100
21/08/2020,74.9200
24/08/2020,74.1700
25/08/2020,74.2000
26/08/2020,74.2200
27/08/2020,73.8900
28/08/2020,73.1100
31/08/2020,73.2500
01/09/2020,73.0000
02/09/2020,73.2700
03/09/2020,73.3900
04/09/2020,73.2900
07/09/2020,
08/09/2020,73.7800
09/09/2020,73.3800
10/09/2020,73.4300
11/09/2020,73.4500
14/09/2020,73.4200
15/09/2020,73.5700
16/09/2020,73.5400
17/09/2020,73.6000
18/09/2020,73.5400
21/09/2020,73.5800
22/09/2020,73.5000
23/09/2020,73.5300
24/09/2020,73.9000
25/09/2020,73.7100
28/09/2020,73.7900
29/09/2020,73.7800
30/09/2020,73.5400
01/10/2020,73.1800
02/10/2020,73.3500
05/10/2020,73.0900
06/10/2020,73.4000
07/10/2020,73.2800
08/10/2020,73.3300
09/10/2020,72.9800
12/10/2020,
13/10/2020,73.4500
14/10/2020,73.2400
15/10/2020,73.4800
16/10/2020,73.4200
19/10/2020,73.3100
20/10/2020,73.4700
21/10/2020,73.6200
22/10/2020,73.6500
23/10/2020,73.8600
26/10/2020,73.9300
27/10/2020,73.6200
28/10/2020,74.1900
29/10/2020,74.4200
30/10/2020,74.5900
02/11/2020,74.5100
03/11/2020,74.6100
04/11/2020,74.3600
05/11/2020,73.9300
06/11/2020,73.9600
09/11/2020,74.0300
10/11/2020,74.3100
11/11/2020,
12/11/2020,74.6300
13/11/2020,74.5600
16/11/2020,74.4100
17/11/2020,74.4200
18/11/2020,74.1000
19/11/2020,74.1600
20/11/2020,74.1200
23/11/2020,74.2100
24/11/2020,74.0800
25/11/2020,73.7500
26/11/2020,
27/11/2020,
30/11/2020,74.0100
01/12/2020,73.5100
02/12/2020,73.7200
03/12/2020,73.8000
04/12/2020,73.7800
07/12/2020,73.8300
08/12/2020,73.6800
09/12/2020,73.7100
10/12/2020,73.7200
11/12/2020,73.7300
14/12/2020,73.6400
15/12/2020,73.5600
16/12/2020,73.6500
17/12/2020,73.5300
18/12/2020,73.5300
21/12/2020,74.0300
22/12/2020,73.8500
23/12/2020,73.7700
24/12/2020,
25/12/2020,
28/12/2020,73.5000
29/12/2020,73.3300
30/12/2020,73.1300
31/12/2020,73.0100
01/01/2021,
04/01/2021,73.0800
05/01/2021,73.1500
06/01/2021,73.1500
07/01/2021,73.4300
08/01/2021,73.3100
11/01/2021,73.5000
12/01/2021,73.2600
13/01/2021,73.0700
14/01/2021,73.1100
15/01/2021,73.0800
18/01/2021,
19/01/2021,73.2000
20/01/2021,
21/01/2021,72.9600
22/01/2021,72.9800
25/01/2021,73.0100
26/01/2021,72.9000
27/01/2021,73.0500
28/01/2021,72.9100
29/01/2021,72.8400
01/02/2021,73.1100
02/02/2021,72.9500
03/02/2021,72.8400
04/02/2021,72.9300
05/02/2021,72.8500
08/02/2021,72.9000
09/02/2021,72.8300
10/02/2021,72.8200
11/02/2021,72.6900
12/02/2021,72.6000
15/02/2021,
16/02/2021,72.8600
17/02/2021,72.8100
18/02/2021,72.6500
19/02/2021,72.5000
22/02/2021,72.4800
23/02/2021,72.4400
24/02/2021,72.3800
25/02/2021,72.7400
26/02/2021,73.9200
01/03/2021,73.4000
02/03/2021,73.2900
03/03/2021,72.8500
04/03/2021,72.7300
05/03/2021,73.2100
08/03/2021,73.3200
09/03/2021,72.8900
10/03/2021,72.8600
11/03/2021,72.6900
12/03/2021,72.7100
15/03/2021,72.5800
16/03/2021,72.5200
17/03/2021,72.5600
18/03/2021,72.6300
19/03/2021,72.4500
22/03/2021,72.3700
23/03/2021,72.5200
24/03/2021,72.5900
25/03/2021,72.6900
26/03/2021,72.6500
29/03/2021,72.7500
30/03/2021,73.4500
31/03/2021,73.1400
01/04/2021,73.3200
02/04/2021,73.3700
05/04/2021,73.2900
06/04/2021,73.4900
07/04/2021,74.3500
08/04/2021,74.5700
09/04/2021,74.7200
12/04/2021,75.0300
13/04/2021,75.2700
14/04/2021,75.0700
15/04/2021,74.8100
16/04/2021,74.4800
19/04/2021,74.8700
20/04/2021,75.3800
21/04/2021,75.4200
22/04/2021,75.1100
23/04/2021,74.9700
26/04/2021,74.7500
27/04/2021,74.5800
28/04/2021,74.4900
29/04/2021,74.0700
30/04/2021,74.0000
03/05/2021,73.8200
04/05/2021,73.8000
05/05/2021,73.8100
06/05/2021,73.6400
07/05/2021,73.2700
10/05/2021,73.4100
11/05/2021,73.3900
12/05/2021,73.5300
13/05/2021,73.4800
14/05/2021,73.2300
17/05/2021,73.3000
18/05/2021,73.0400
19/05/2021,73.2000
20/05/2021,73.0300
21/05/2021,72.8200
24/05/2021,72.8600
25/05/2021,72.7800
26/05/2021,72.7100
27/05/2021,72.5900
28/05/2021,72.4200
31/05/2021,
01/06/2021,72.8300
02/06/2021,72.9700
03/06/2021,73.0100
04/06/2021,72.8700
07/06/2021,72.8000
08/06/2021,72.9300
09/06/2021,72.9800
10/06/2021,73.1000
11/06/2021,73.2400
14/06/2021,73.1600
15/06/2021,73.3500
16/06/2021,73.3100
17/06/2021,74.1600
18/06/2021,74.1400
21/06/2021,74.1800
22/06/2021,74.3700
23/06/2021,74.1300
24/06/2021,74.1400
25/06/2021,74.1400
28/06/2021,74.2900
29/06/2021,74.2900
30/06/2021,74.3300
01/07/2021,74.5600
02/07/2021,74.5100
05/07/2021,
06/07/2021,74.5800
07/07/2021,74.8100
08/07/2021,74.7600
09/07/2021,74.5300
12/07/2021,74.5600
13/07/2021,74.5100
14/07/2021,74.5400
15/07/2021,74.5500
16/07/2021,74.6100
19/07/2021,74.8500
20/07/2021,74.6000
21/07/2021,74.4900
22/07/2021,74.4600
23/07/2021,74.4400
26/07/2021,74.3500
27/07/2021,74.5000
28/07/2021,74.5200
29/07/2021,74.2500
30/07/2021,74.3400
02/08/2021,74.3500
03/08/2021,74.2500
04/08/2021,74.1500
05/08/2021,74.1000
06/08/2021,74.1900
09/08/2021,74.3100
10/08/2021,74.5000
11/08/2021,74.2500
12/08/2021,74.3100
13/08/2021,74.2400
16/08/2021,74.1900
17/08/2021,74.3800
18/08/2021,74.2700
19/08/2021,74.3800
20/08/2021,74.3500
23/08/2021,74.1200
24/08/2021,74.1300
25/08/2021,74.2300
26/08/2021,74.1300
27/08/2021,73.4700
30/08/2021,73.2900
31/08/2021,72.9500
01/09/2021,72.9900
02/09/2021,72.9900
03/09/2021,72.9800
06/09/2021,
07/09/2021,73.4400
08/09/2021,73.8400
09/09/2021,73.5200
10/09/2021,73.5200
13/09/2021,73.5800
14/09/2021,73.6400
15/09/2021,73.4700
16/09/2021,73.5600
17/09/2021,73.6400
20/09/2021,73.6500
21/09/2021,73.7100
22/09/2021,73.8000
23/09/2021,73.7000
24/09/2021,73.8100
27/09/2021,73.8600
28/09/2021,74.2100
29/09/2021,74.2800
30/09/2021,74.1600
01/10/2021,74.1500
04/10/2021,74.4600
05/10/2021,74.5100
06/10/2021,74.8200
07/10/2021,74.8500
08/10/2021,75.0500
11/10/2021,
12/10/2021,75.4600
13/10/2021,75.3300
14/10/2021,75.1800
15/10/2021,74.9800
18/10/2021,75.3200
19/10/2021,75.0600
20/10/2021,74.8300
21/10/2021,74.8000
22/10/2021,74.8700
25/10/2021,75.0500
26/10/2021,74.9000
27/10/2021,75.0100
28/10/2021,74.7700
29/10/2021,75.0000
01/11/2021,74.8300
02/11/2021,74.6300
03/11/2021,74.5100
04/11/2021,74.5300
05/11/2021,74.2200
08/11/2021,73.9100
09/11/2021,74.1000
10/11/2021,74.2600
11/11/2021,
12/11/2021,74.4000
15/11/2021,74.3500
16/11/2021,74.4800
17/11/2021,74.2800
18/11/2021,74.2500
19/11/2021,74.2500
22/11/2021,74.3700
23/11/2021,74.4900
24/11/2021,74.5700
25/11/2021,
26/11/2021,74.8900
29/11/2021,75.1200
30/11/2021,75.1000
01/12/2021,74.8300
02/12/2021,74.8900
03/12/2021,75.2400
06/12/2021,75.3900
07/12/2021,75.4300
08/12/2021,75.4000
09/12/2021,75.5800
10/12/2021,75.6600
13/12/2021,75.7800
14/12/2021,75.9800
15/12/2021,76.3800
16/12/2021,76.1800
17/12/2021,75.9800
20/12/2021,75.8200
21/12/2021,75.6700
22/12/2021,75.4500
23/12/2021,75.0200
24/12/2021,
27/12/2021,74.9700
28/12/2021,74.6700
29/12/2021,74.5800
30/12/2021,74.3900
31/12/2021,
03/01/2022,74.3200
04/01/2022,74.5200
05/01/2022,74.3100
06/01/2022,74.4000
07/01/2022,74.2700
10/01/2022,74.0600
11/01/2022,73.8100
12/01/2022,73.7700
13/01/2022,73.9600
14/01/2022,74.0800
17/01/2022,
18/01/2022,74.5600
19/01/2022,74.3900
20/01/2022,74.3200
21/01/2022,74.2800
24/01/2022,74.7200
25/01/2022,74.7300
26/01/2022,74.8700
27/01/2022,75.1800
28/01/2022,75.0000
31/01/2022,74.6000
01/02/2022,74.7800
02/02/2022,74.7700
03/02/2022,74.7100
04/02/2022,74.6100
07/02/2022,74.6800
08/02/2022,74.7100
09/02/2022,74.8000
10/02/2022,75.0700
11/02/2022,75.3400
14/02/2022,75.6300
15/02/2022,75.2000
16/02/2022,75.0300
17/02/2022,75.0200
18/02/2022,74.6300
21/02/2022,
22/02/2022,74.6500
23/02/2022,74.6000
24/02/2022,75.6100
25/02/2022,75.0900
28/02/2022,75.4900
01/03/2022,75.7900
02/03/2022,75.6100
03/03/2022,75.9400
04/03/2022,76.4200
07/03/2022,76.9100
08/03/2022,77.0700
09/03/2022,76.3600
10/03/2022,76.3700
11/03/2022,76.4800
14/03/2022,76.4500
15/03/2022,76.4100
16/03/2022,76.1700
17/03/2022,75.9400
18/03/2022,76.0300
21/03/2022,76.1900
22/03/2022,76.0600
23/03/2022,76.4600
24/03/2022,76.1800
25/03/2022,76.2500
28/03/2022,76.0600
29/03/2022,75.5800
30/03/2022,75.7600
31/03/2022,75.8700
01/04/2022,75.9600
04/04/2022,75.4200
05/04/2022,75.3100
06/04/2022,75.9200
07/04/2022,75.9000
08/04/2022,75.9300
11/04/2022,75.8500
12/04/2022,76.0200
13/04/2022,76.1400
14/04/2022,76.1900
15/04/2022,76.3200
18/04/2022,76.2200
19/04/2022,76.3900
20/04/2022,76.2400
21/04/2022,76.2300
22/04/2022,76.4900
25/04/2022,76.7200
26/04/2022,76.6100
27/04/2022,76.6100
28/04/2022,76.6600
29/04/2022,76.4800
02/05/2022,76.4900
03/05/2022,76.4900
04/05/2022,76.2400
05/05/2022,76.5400
06/05/2022,76.9000
09/05/2022,77.4500
10/05/2022,77.3100
11/05/2022,77.2800
12/05/2022,77.3900
13/05/2022,77.4200
16/05/2022,77.8200
17/05/2022,77.4600
18/05/2022,77.7100
19/05/2022,77.4500
20/05/2022,77.7900
23/05/2022,77.5100
24/05/2022,77.5000
25/05/2022,77.5800
26/05/2022,77.6600
27/05/2022,77.5800
30/05/2022,
31/05/2022,77.5900
01/06/2022,77.5900
02/06/2022,77.4100
03/06/2022,77.5900
06/06/2022,77.8300
07/06/2022,77.6600
08/06/2022,77.6500
09/06/2022,77.8400
10/06/2022,78.0800
13/06/2022,78.0800
14/06/2022,78.0100
15/06/2022,78.1200
16/06/2022,78.0000
17/06/2022,78.0000
20/06/2022,
21/06/2022,78.0800
22/06/2022,78.2100
23/06/2022,78.1400
24/06/2022,78.2500
27/06/2022,78.4500
28/06/2022,78.9700
29/06/2022,78.9100
30/06/2022,79.0200
01/07/2022,78.8900
04/07/2022,
05/07/2022,79.2700
06/07/2022,79.0200
07/07/2022,79.1200
08/07/2022,79.2500
11/07/2022,79.4600
12/07/2022,79.4500
13/07/2022,79.6800
14/07/2022,79.9400
15/07/2022,79.7400
18/07/2022,79.9900
19/07/2022,79.8800
20/07/2022,79.9600
21/07/2022,79.8500
22/07/2022,79.8300
25/07/2022,79.7900
26/07/2022,79.8200
27/07/2022,79.9200
28/07/2022,79.6400
29/07/2022,79.3300
01/08/2022,78.9300
02/08/2022,78.4900
03/08/2022,79.1300
04/08/2022,79.2300
05/08/2022,79.3600
08/08/2022,79.5800
09/08/2022,79.6500
10/08/2022,79.0700
11/08/2022,79.5400
12/08/2022,79.6500
15/08/2022,79.4800
16/08/2022,79.3100
17/08/2022,79.4100
18/08/2022,79.6600
19/08/2022,79.8900
22/08/2022,79.8600
23/08/2022,79.8100
24/08/2022,79.8200
25/08/2022,79.9000
26/08/2022,79.8700
29/08/2022,79.9600
30/08/2022,79.6000
31/08/2022,79.4500
01/09/2022,79.6500
02/09/2022,79.7000
05/09/2022,
06/09/2022,79.8600
07/09/2022,79.8200
08/09/2022,79.7100
09/09/2022,79.6100
12/09/2022,79.3500
13/09/2022,79.4900
14/09/2022,79.4100
15/09/2022,79.8200
16/09/2022,79.6600
19/09/2022,79.7100
20/09/2022,79.7200
21/09/2022,79.9600
22/09/2022,81.0000
23/09/2022,81.1100
26/09/2022,81.6000
27/09/2022,81.6300
28/09/2022,81.6100
29/09/2022,81.5400
30/09/2022,81.3700
03/10/2022,81.5600
04/10/2022,81.4500
05/10/2022,81.5000
06/10/2022,82.0600
07/10/2022,82.3200
10/10/2022,
11/10/2022,82.2200
12/10/2022,82.2500
13/10/2022,82.2800
14/10/2022,82.2800
17/10/2022,82.1600
18/10/2022,82.2900
19/10/2022,82.9500
20/10/2022,82.6600
21/10/2022,82.5800
24/10/2022,82.6800
25/10/2022,82.4400
26/10/2022,82.7300
27/10/2022,82.3600
28/10/2022,82.3300
31/10/2022,82.7300
01/11/2022,82.6200
02/11/2022,82.7200
03/11/2022,82.7600
04/11/2022,82.0300
07/11/2022,81.9500
08/11/2022,81.2700
09/11/2022,81.2500
10/11/2022,80.7200
11/11/2022,
14/11/2022,80.9800
15/11/2022,80.9400
16/11/2022,81.4600
17/11/2022,81.6900
18/11/2022,81.7600
21/11/2022,81.6800
22/11/2022,81.6900
23/11/2022,81.7100
24/11/2022,
25/11/2022,81.7300
28/11/2022,81.6100
29/11/2022,81.6100
30/11/2022,81.4300
01/12/2022,81.1700
02/12/2022,81.4100
05/12/2022,81.7700
06/12/2022,82.4200
07/12/2022,82.3100
08/12/2022,82.2900
09/12/2022,82.4600
12/12/2022,82.6700
13/12/2022,82.4900
14/12/2022,82.5000
15/12/2022,82.7500
16/12/2022,82.7100
19/12/2022,82.6500
20/12/2022,82.5800
21/12/2022,82.8100
22/12/2022,82.9300
23/12/2022,82.8600
26/12/2022,
27/12/2022,82.8800
28/12/2022,82.7400
29/12/2022,82.8300
30/12/2022,82.7200
02/01/2023,
03/01/2023,82.8600
04/01/2023,82.7200
05/01/2023,82.5700
06/01/2023,82.7200
09/01/2023,82.3600
10/01/2023,81.6000
11/01/2023,81.6000
12/01/2023,81.1900
13/01/2023,81.3100
16/01/2023,
17/01/2023,81.5700
18/01/2023,81.3300
19/01/2023,81.2800
20/01/2023,80.9900
23/01/2023,81.4100
24/01/2023,81.5300
25/01/2023,81.4900
26/01/2023,81.5900
27/01/2023,81.5400
30/01/2023,81.4700
31/01/2023,81.6900
01/02/2023,81.7300
02/02/2023,82.0300
03/02/2023,82.2100
06/02/2023,82.7700
07/02/2023,82.8100
08/02/2023,82.6500
09/02/2023,82.4400
10/02/2023,82.4700
13/02/2023,82.7200
14/02/2023,82.8600
15/02/2023,82.7800
16/02/2023,82.7400
17/02/2023,82.7300
20/02/2023,
21/02/2023,82.8500
22/02/2023,82.7800
23/02/2023,82.5900
24/02/2023,82.9700
27/02/2023,82.6900
28/02/2023,82.5700
01/03/2023,82.4300
02/03/2023,82.4100
03/03/2023,81.9800
06/03/2023,81.7700
07/03/2023,81.9300
08/03/2023,81.8600
09/03/2023,82.0200
10/03/2023,81.9300
13/03/2023,82.1900
14/03/2023,82.2500
15/03/2023,82.8400
16/03/2023,82.6300
17/03/2023,82.5600
20/03/2023,82.5500
21/03/2023,82.5900
22/03/2023,82.6600
23/03/2023,82.0700
24/03/2023,82.3400
27/03/2023,82.2400
28/03/2023,82.1700
29/03/2023,82.1800
30/03/2023,82.3400
31/03/2023,82.1900
03/04/2023,82.2400
04/04/2023,82.3300
05/04/2023,81.8900
06/04/2023,81.8600
07/04/2023,81.8500
10/04/2023,82.0100
11/04/2023,82.0400
12/04/2023,81.9800
13/04/2023,81.6500
14/04/2023,81.8800
17/04/2023,81.9800
18/04/2023,82.0800
19/04/2023,82.1800
20/04/2023,82.1000
21/04/2023,82.0600
24/04/2023,81.9000
25/04/2023,81.9200
26/04/2023,81.7400
27/04/2023,81.8400
28/04/2023,81.8400
01/05/2023,81.8400
02/05/2023,81.8900
03/05/2023,81.8300
04/05/2023,81.7300
05/05/2023,81.8100
08/05/2023,81.7800
09/05/2023,82.0400
10/05/2023,81.9400
11/05/2023,82.1300
12/05/2023,82.1700
15/05/2023,82.3000
16/05/2023,82.2600
17/05/2023,82.3900
18/05/2023,82.7700
19/05/2023,82.6500
22/05/2023,82.8300
23/05/2023,82.8400
24/05/2023,82.6600
25/05/2023,82.7600
26/05/2023,82.5800
29/05/2023,
30/05/2023,82.6700
31/05/2023,82.6800
01/06/2023,82.4100
02/06/2023,82.3500
05/06/2023,82.6700
06/06/2023,82.6100
07/06/2023,82.5000
08/06/2023,82.5700
09/06/2023,82.4600
12/06/2023,82.4300
13/06/2023,82.3800
14/06/2023,82.1000
15/06/2023,82.1800
16/06/2023,81.8900
19/06/2023,
20/06/2023,82.1100
21/06/2023,82.0400
22/06/2023,81.9300
23/06/2023,82.0100
26/06/2023,82.0000
27/06/2023,81.9800
28/06/2023,82.0000
29/06/2023,82.0500
30/06/2023,82.0600
03/07/2023,81.9600
04/07/2023,
05/07/2023,82.3400
06/07/2023,82.4900
07/07/2023,82.7400
10/07/2023,82.5700
11/07/2023,82.3900
12/07/2023,82.0300
13/07/2023,82.0400
14/07/2023,82.1600
17/07/2023,82.0300
18/07/2023,82.0300
19/07/2023,82.0900
20/07/2023,81.9900
21/07/2023,81.9900
24/07/2023,81.8100
25/07/2023,81.8700
26/07/2023,81.9900
27/07/2023,82.1500
28/07/2023,82.2200
31/07/2023,82.2400
01/08/2023,82.2500
02/08/2023,82.5800
03/08/2023,82.7400
04/08/2023,82.8300
07/08/2023,82.7500
08/08/2023,82.8500
09/08/2023,82.8400
10/08/2023,82.6900
11/08/2023,82.8700
14/08/2023,83.1700
15/08/2023,82.9400
16/08/2023,83.1900
17/08/2023,83.0900
18/08/2023,83.1400
21/08/2023,83.1000
22/08/2023,82.9400
23/08/2023,82.6900
24/08/2023,82.5700
25/08/2023,82.6400
28/08/2023,82.6000
29/08/2023,82.7000
30/08/2023,82.7300
31/08/2023,82.7800
01/09/2023,82.6900
04/09/2023,
05/09/2023,83.0300
06/09/2023,83.1400
07/09/2023,83.2100
08/09/2023,82.9300
11/09/2023,83.0300
12/09/2023,82.8600
13/09/2023,82.9300
14/09/2023,83.0200
15/09/2023,83.1500
18/09/2023,83.2700
19/09/2023,83.2700
20/09/2023,83.0700
21/09/2023,83.1100
22/09/2023,82.9500
25/09/2023,83.1100
26/09/2023,83.2400
27/09/2023,83.1800
28/09/2023,83.1300
29/09/2023,83.0800
02/10/2023,83.0400
03/10/2023,83.2200
04/10/2023,83.2500
05/10/2023,83.2400
06/10/2023,83.2500
09/10/2023,
10/10/2023,83.2500
11/10/2023,83.1800
12/10/2023,83.2800
13/10/2023,83.2600
16/10/2023,83.2800
17/10/2023,83.2200
18/10/2023,83.2500
19/10/2023,83.1000
20/10/2023,83.1400
23/10/2023,83.1900
24/10/2023,83.1900
25/10/2023,83.1800
26/10/2023,83.2400
27/10/2023,83.2700
30/10/2023,83.2500
31/10/2023,83.2600
01/11/2023,83.2400
02/11/2023,83.2200
03/11/2023,83.1400
06/11/2023,83.1900
07/11/2023,83.2200
08/11/2023,83.2800
09/11/2023,83.2500
10/11/2023,
13/11/2023,83.3200
14/11/2023,83.3200
15/11/2023,83.1100
16/11/2023,83.2200
17/11/2023,83.2500
20/11/2023,83.3300
21/11/2023,83.2600
22/11/2023,83.2900
23/11/2023,
24/11/2023,83.3400
27/11/2023,83.3400
28/11/2023,83.3300
29/11/2023,83.3100
30/11/2023,83.3600
01/12/2023,83.2700
04/12/2023,83.4000
05/12/2023,83.3300
06/12/2023,83.3200
07/12/2023,83.3200
08/12/2023,83.3800
11/12/2023,83.3800
12/12/2023,83.3700
13/12/2023,83.4000
14/12/2023,83.2800
15/12/2023,83.0200
18/12/2023,83.0400
19/12/2023,83.1800
20/12/2023,83.1400
21/12/2023,83.2700
22/12/2023,83.1200
25/12/2023,
26/12/2023,83.1700
27/12/2023,83.3500
28/12/2023,83.1500
29/12/2023,83.1900
01/01/2024,
02/01/2024,83.3100
03/01/2024,83.3000
04/01/2024,83.2100
05/01/2024,83.1600
08/01/2024,83.1300
09/01/2024,83.0900
10/01/2024,83.0100
11/01/2024,83.0300
12/01/2024,82.9200
15/01/2024,
16/01/2024,83.0500
17/01/2024,83.1400
18/01/2024,83.1500
19/01/2024,83.0900
22/01/2024,83.0800
23/01/2024,83.1500
24/01/2024,83.0900
25/01/2024,83.0800
26/01/2024,83.1100
29/01/2024,83.1200
30/01/2024,83.1100
31/01/2024,83.0200
01/02/2024,82.9500
02/02/2024,82.9200
05/02/2024,83.0400
06/02/2024,83.0300
07/02/2024,82.9700
08/02/2024,82.9700
09/02/2024,83.0000
12/02/2024,82.9500
13/02/2024,83.0600
14/02/2024,83.0200
15/02/2024,83.0000
16/02/2024,83.0200
19/02/2024,
20/02/2024,82.8800
21/02/2024,82.9600
22/02/2024,82.8600
23/02/2024,82.8600
26/02/2024,82.8500
27/02/2024,82.8800
28/02/2024,82.8800
29/02/2024,82.8700
01/03/2024,82.9100
04/03/2024,82.8800
05/03/2024,82.8600
06/03/2024,82.7800
07/03/2024,82.7800
08/03/2024,82.7300
11/03/2024,82.7200
12/03/2024,82.7700
13/03/2024,82.8100
14/03/2024,82.8200
15/03/2024,82.8600
18/03/2024,82.8900
19/03/2024,83.0100
20/03/2024,83.1800
21/03/2024,83.1500
22/03/2024,83.5300
25/03/2024,83.4200
26/03/2024,83.3200
27/03/2024,83.3400
28/03/2024,83.3500
29/03/2024,83.3400
01/04/2024,83.3600
02/04/2024,83.3200
03/04/2024,83.4300
04/04/2024,83.4400
05/04/2024,83.2900
08/04/2024,83.2500
09/04/2024,83.1800
10/04/2024,83.3700
11/04/2024,83.1900
12/04/2024,83.5900
15/04/2024,83.4800
16/04/2024,83.5400
17/04/2024,83.5400
18/04/2024,83.5300
19/04/2024,83.4600
22/04/2024,83.4700
23/04/2024,83.3600
24/04/2024,83.3400
25/04/2024,83.3100
26/04/2024,83.3800
29/04/2024,83.4600
30/04/2024,83.4400
01/05/2024,83.4500
02/05/2024,83.4400
03/05/2024,83.4300
06/05/2024,83.4800
07/05/2024,83.5100
08/05/2024,83.4500
09/05/2024,83.5100
10/05/2024,83.5400
13/05/2024,83.4800
14/05/2024,83.5000
15/05/2024,83.4600
16/05/2024,83.4600
17/05/2024,83.3400
20/05/2024,83.3400
21/05/2024,83.3100
22/05/2024,83.2600
23/05/2024,83.2700
24/05/2024,83.0900
27/05/2024,
28/05/2024,83.1600
29/05/2024,83.3300
30/05/2024,83.2800
31/05/2024,83.4300
03/06/2024,83.1400
04/06/2024,83.5200
05/06/2024,83.3700
06/06/2024,83.4700
07/06/2024,83.3800
10/06/2024,83.5000
11/06/2024,83.5000
12/06/2024,83.5700
13/06/2024,83.5200
14/06/2024,83.5400
17/06/2024,83.5200
18/06/2024,83.4200
19/06/2024,
20/06/2024,83.6200
21/06/2024,83.5300
24/06/2024,83.4200
25/06/2024,83.4000
26/06/2024,83.5500
27/06/2024,83.4400
28/06/2024,83.3300
01/07/2024,83.4400
02/07/2024,83.5000
03/07/2024,83.4800
04/07/2024,
05/07/2024,83.4700
08/07/2024,83.4500
09/07/2024,83.4700
10/07/2024,83.5000
11/07/2024,83.5700
12/07/2024,83.4800
15/07/2024,83.5500
16/07/2024,83.6000
17/07/2024,83.5500
18/07/2024,83.5800
19/07/2024,83.7000
22/07/2024,83.6500
23/07/2024,83.6800
24/07/2024,83.7200
25/07/2024,83.7000
26/07/2024,83.7000
29/07/2024,83.7500
30/07/2024,83.7000
31/07/2024,83.7300
01/08/2024,83.7000
02/08/2024,83.7900
05/08/2024,83.8300
06/08/2024,83.9100
07/08/2024,83.9600
08/08/2024,83.9500
09/08/2024,83.9200
12/08/2024,83.9200
13/08/2024,83.9700
14/08/2024,83.9100
15/08/2024,83.9400
16/08/2024,83.9500
19/08/2024,83.8200
20/08/2024,83.7900
21/08/2024,83.9300
22/08/2024,83.9300
23/08/2024,83.9100
26/08/2024,83.8700
27/08/2024,83.9100
28/08/2024,83.9000
29/08/2024,83.8400
30/08/2024,83.8300
02/09/2024,
03/09/2024,83.9400
04/09/2024,83.9500
05/09/2024,83.9600
06/09/2024,83.9100
09/09/2024,83.9300
10/09/2024,83.9500
11/09/2024,83.9500
12/09/2024,83.9200
13/09/2024,83.8800
16/09/2024,83.8900
17/09/2024,83.7500
18/09/2024,83.7500
19/09/2024,83.6800
20/09/2024,83.5700
23/09/2024,83.5300
24/09/2024,83.6600
25/09/2024,83.5600
26/09/2024,83.6000
27/09/2024,83.6800
30/09/2024,83.7600
01/10/2024,83.8100
02/10/2024,83.8100
03/10/2024,84.0000
04/10/2024,83.9900
07/10/2024,83.9600
08/10/2024,83.9500
09/10/2024,83.9300
10/10/2024,83.9400
11/10/2024,84.0800
14/10/2024,
15/10/2024,84.0400
16/10/2024,84.0100
17/10/2024,84.0400
18/10/2024,84.0300
21/10/2024,84.0700
22/10/2024,84.0600
23/10/2024,84.0600
24/10/2024,84.0500
25/10/2024,84.0600
28/10/2024,84.0500
29/10/2024,84.0400
30/10/2024,84.0700
31/10/2024,84.0600
01/11/2024,84.0300
04/11/2024,84.1100
05/11/2024,84.1000
06/11/2024,84.3100
07/11/2024,84.3700
08/11/2024,84.3400
11/11/2024,
12/11/2024,84.3800
13/11/2024,84.3900
14/11/2024,84.4200
15/11/2024,84.4100
18/11/2024,84.3700
19/11/2024,84.3600
20/11/2024,84.4100
21/11/2024,84.4800
22/11/2024,84.4400
25/11/2024,84.2400
26/11/2024,84.2700
27/11/2024,84.4100
28/11/2024,
29/11/2024,84.4800
02/12/2024,84.7400
03/12/2024,84.6800
04/12/2024,84.6900
05/12/2024,84.6800
06/12/2024,84.6700
09/12/2024,84.7200
10/12/2024,84.8400
11/12/2024,84.8000
12/12/2024,84.8400
13/12/2024,84.7800
16/12/2024,84.8900
17/12/2024,84.9100
18/12/2024,84.9500
19/12/2024,85.0900
20/12/2024,85.0200
23/12/2024,85.1000
24/12/2024,85.1400
25/12/2024,
26/12/2024,85.2500
27/12/2024,85.5300
30/12/2024,85.4700
31/12/2024,85.5500
01/01/2025,
02/01/2025,85.7500
03/01/2025,85.7500
06/01/2025,85.7000
07/01/2025,85.7400
08/01/2025,85.8900
09/01/2025,85.8700
10/01/2025,85.9600
13/01/2025,86.6900
14/01/2025,86.6300
15/01/2025,86.3700
16/01/2025,86.5700
17/01/2025,86.5500
20/01/2025,
21/01/2025,86.5800
22/01/2025,86.3400
23/01/2025,86.4200
24/01/2025,86.2000
27/01/2025,86.3400
28/01/2025,86.5200
29/01/2025,86.6100
30/01/2025,86.5500
31/01/2025,86.5400
03/02/2025,87.1900
04/02/2025,87.0600
05/02/2025,87.0800
06/02/2025,87.5700
07/02/2025,87.4300
10/02/2025,87.4500
11/02/2025,86.7600
12/02/2025,86.9000
13/02/2025,86.8900
14/02/2025,86.8200
17/02/2025,
18/02/2025,86.9600
19/02/2025,86.9600
20/02/2025,86.6500
21/02/2025,86.7000
24/02/2025,86.7200
25/02/2025,87.2000
26/02/2025,87.2000
27/02/2025,87.1700
28/02/2025,87.5000
03/03/2025,87.3500
04/03/2025,87.2600
05/03/2025,86.9500
06/03/2025,87.1100
07/03/2025,86.8800
10/03/2025,87.2700
11/03/2025,87.1600
12/03/2025,87.1600
13/03/2025,87.0000
14/03/2025,87.0000
17/03/2025,86.7900
18/03/2025,86.5000
19/03/2025,86.4300
20/03/2025,86.3100
21/03/2025,86.0100
24/03/2025,85.5600
25/03/2025,85.7700
26/03/2025,85.7100
27/03/2025,85.7900
28/03/2025,85.5100
31/03/2025,85.4300
01/04/2025,85.4600
02/04/2025,85.5200
03/04/2025,85.4400
04/04/2025,85.2400
07/04/2025,85.8500
08/04/2025,86.2400
09/04/2025,86.6400
10/04/2025,86.6900
11/04/2025,86.0600
14/04/2025,86.0200
15/04/2025,85.7600
16/04/2025,85.6700
17/04/2025,85.3700
18/04/2025,85.4300
21/04/2025,85.1800
22/04/2025,85.1900
23/04/2025,85.4200
24/04/2025,85.3000
25/04/2025,85.4300
28/04/2025,85.0200
29/04/2025,85.2700
30/04/2025,84.4900
01/05/2025,84.5800
02/05/2025,84.5000
05/05/2025,84.2700
06/05/2025,84.4500
07/05/2025,84.8200
08/05/2025,85.6700
09/05/2025,85.3800
12/05/2025,85.3800
13/05/2025,85.3500
14/05/2025,85.2900
15/05/2025,85.5200
16/05/2025,85.4900
19/05/2025,85.3700
20/05/2025,85.6300
21/05/2025,85.6500
22/05/2025,85.9700
23/05/2025,85.1700
26/05/2025,
27/05/2025,85.3000
28/05/2025,85.3900
29/05/2025,85.4900
30/05/2025,85.5000
02/06/2025,85.3300
03/06/2025,85.5900
04/06/2025,85.8500
05/06/2025,85.8000
06/06/2025,85.6600
09/06/2025,85.6400
10/06/2025,85.5700
11/06/2025,85.5100
12/06/2025,85.5500
13/06/2025,86.0800
16/06/2025,86.0500
17/06/2025,86.2900
18/06/2025,86.4900
19/06/2025,
20/06/2025,86.5800
23/06/2025,86.7300
24/06/2025,85.9200
25/06/2025,86.0400
26/06/2025,85.6600
27/06/2025,85.4500
30/06/2025,85.7400
01/07/2025,85.5800
02/07/2025,85.7000
03/07/2025,85.3000
04/07/2025,
07/07/2025,85.8600
08/07/2025,85.7500
09/07/2025,85.6900
10/07/2025,85.6500
11/07/2025,85.8000
14/07/2025,85.9900
15/07/2025,85.8200
16/07/2025,85.9600
17/07/2025,86.0800
18/07/2025,86.1000
21/07/2025,86.3000
22/07/2025,86.3700
23/07/2025,86.4100
24/07/2025,86.3900
25/07/2025,86.4800
28/07/2025,86.6700
29/07/2025,86.8300
30/07/2025,87.4400
31/07/2025,87.6000
01/08/2025,87.5400
04/08/2025,87.6300
05/08/2025,87.8000
06/08/2025,87.7100
07/08/2025,87.7100
08/08/2025,87.6700
11/08/2025,87.6300
12/08/2025,87.7100
13/08/2025,87.4800
14/08/2025,87.5600
15/08/2025,87.5600
18/08/2025,87.3000
19/08/2025,87.0200
20/08/2025,87.0200
21/08/2025,87.3100
22/08/2025,87.5300